left_eye_ear,right_eye_ear,avg_ear,mar,left_brow_height,right_brow_height,head_tilt_x,head_tilt_y,nose_tip_y,left_pupil_x,left_pupil_y,right_pupil_x,right_pupil_y,jaw_open,left_eye_open,right_eye_open,mouth_corner_left,mouth_corner_right,forehead_crease,chin_position
0.334901424590337,0.3519806630975801,0.3014964345005124,0.04368769768490435,0.7068253197517533,0.7188120158988648,0.0,0.025703701646207527,0.4990092420884132,0.365308043120267,0.46643010539025553,0.6264364062533145,0.5034962811517139,0.10035209109165807,0.7910303617780726,0.7842630713416429,0.3175861458541795,0.693203576633834,0.20965505570068313,0.5053021418902449
0.31585207096486445,0.3377390104873831,0.31210962658568964,0.08558459956881992,0.7484398255530458,0.7173292945808073,0.0073813833252442,0.0,0.4848904921887321,0.3714682540482089,0.47389001073892695,0.6586570080503995,0.44242038110492343,0.11582315955579991,0.7915666112538169,0.7886937638503876,0.3007861839748693,0.7036426974202235,0.17655926913149161,0.49078953157677374
0.33943065614302076,0.3117889110976052,0.29915160158000076,0.10345577866313423,0.7509008436022223,0.6502178413684992,0.0011587963285151007,0.024294912997778903,0.49482875127639014,0.35997379824271086,0.4680523787790971,0.6722150634482928,0.4734440988824507,0.05166991696344498,0.8894170973902785,0.7925717951435033,0.2817534897186728,0.7271954378665663,0.22074069143241576,0.4932362656603506
0.3656908956922408,0.2905918966688328,0.3088407694072192,0.1955075062936076,0.7736315172921703,0.7234954904149281,0.009040083625177244,0.005325518842965491,0.521441951825531,0.3111500461807646,0.4822083609389224,0.6651036994760788,0.4791667995323733,0.0724030548866154,0.8323724361572521,0.8278744584658473,0.2907500169360006,0.6991058248648082,0.18228914924584008,0.48847949659046663
0.31297539875829994,0.3309466994084077,0.2771277066609243,0.14226212498135032,0.6816570818359586,0.7766414540910872,0.015716993785776224,0.02414915421728762,0.5383356996509154,0.34689155134944477,0.5039435706292382,0.6716895504971457,0.4803181731679926,0.09555464399505313,0.8992260367004857,0.7601113076605303,0.30685706931563295,0.682277746973047,0.22248665112335386,0.5383451906900815
0.3129758912915246,0.32180456156265247,0.3192658741474588,0.06658073723600434,0.7796283636923665,0.6762883940461603,0.03674308972662769,0.025538633847096575,0.5171146199259072,0.3268858485016617,0.4645791568571759,0.6457622093760351,0.4836099211215616,0.07340004895946876,0.7801214746831799,0.7561461203394937,0.33636928756763185,0.6676062026896674,0.19177665573857836,0.5292780157234864
0.36737638446522175,0.336855796600832,0.31502410950724447,0.13944145157670548,0.6147804184198612,0.7924241325525296,0.013576819225885951,0.042158301222383156,0.5030516962541531,0.3459478845416385,0.5000164099553682,0.6406676206364871,0.49220879639618986,0.07553224686342551,0.7966013361244741,0.839464789685719,0.29031960753607444,0.7102609573482049,0.14836858623111013,0.5111058838002723
0.34302304187458726,0.3290551540504591,0.2986582273786362,0.05810784044246537,0.7185057723818095,0.764388741054217,0.0,0.037069072952424065,0.5449403531091328,0.36960008472267786,0.46436655855306225,0.635261972955364,0.47929185121909296,0.08950412010770688,0.7467149693889341,0.7714942103247481,0.316095748870548,0.7049457625125547,0.1705275127855719,0.5265061799453548
0.30591576842195145,0.34148658145958005,0.3281849133686481,0.16330764215548293,0.7255863078774227,0.7032883339014481,0.04280135692990321,0.03693143325220592,0.49061490580845435,0.35610301671749944,0.4630474557500623,0.6488820706677281,0.4726388343571264,0.1194874399493852,0.7676173279164171,0.7394785858569174,0.29343887098646476,0.6870818365347541,0.1870875587393815,0.5159692267795577
0.3362768013075789,0.29394294365318296,0.3337514027525312,0.10115501392728485,0.7816663413035619,0.7329235181331076,0.003258197327699209,0.03887340638332477,0.5309275801510072,0.37296181732794864,0.49637189236686424,0.6484281840806236,0.4718482131068061,0.08971846669365567,0.8760765259465001,0.7705948023160052,0.3022093751177227,0.7205202825141459,0.24104567071245736,0.5036254231902811
0.30609746921562614,0.34952182196902976,0.28284880271262053,0.11625455245043316,0.7511315426338434,0.8199160903820517,0.018825591457907426,0.01582757969631892,0.49135811604946167,0.35683507841427076,0.49843872756015234,0.6541335525707823,0.4677696839592329,0.1323527858341884,0.7791186284063298,0.77679789059024,0.33030793498527183,0.6915644627122474,0.22703430891587675,0.4698885731796063
0.3060281073928923,0.315927988140772,0.2997455044286757,0.1730318659016876,0.6797218473071857,0.7766773906752933,0.028930730138814233,0.010643701740736793,0.5129306887403268,0.3240334812066219,0.49702819873525306,0.6474140508592898,0.49575086648653727,0.07006726652021936,0.8767712520057784,0.8521985091090306,0.31528585162840866,0.6973071181635041,0.24871584236966426,0.4947567215974972
0.327258868146981,0.37225782617875797,0.299617153004254,0.06851345725663,0.7007503437091492,0.7404391827449074,0.023992208368055656,0.02745634166356669,0.49659312305628645,0.2995830598685453,0.45368405183563715,0.6473274454054646,0.46706943041046967,0.06244233218579643,0.7502655095728045,0.8269930484950695,0.27517401454518087,0.6996667173340411,0.24960905648089576,0.49329924215963294
0.26260159266026606,0.28932436545731294,0.2962019379778227,0.06411527259548035,0.7599340004773704,0.7281158341519508,0.04188359095042951,0.02464161902866045,0.4983244345204157,0.35297617523359176,0.470680980438559,0.6344661189405572,0.49693542218016484,0.15779036217163403,0.757861238637069,0.8359008246652897,0.28855049952376816,0.6929809451572382,0.18395747586227257,0.47733849653815685
0.26825246502460903,0.36207891409495746,0.331589496838635,0.0966560269461598,0.7460466329067722,0.7438304535225829,0.02958006286785518,0.0038186752652347965,0.4886784044761337,0.34572147067297665,0.4964597718400664,0.6688323802710299,0.4803799816451974,0.08026125617003467,0.7863507511590632,0.8227989456938715,0.32512442688882714,0.7047173013149913,0.19434539420723512,0.47027675450786766
0.3031313741227708,0.31593732350387943,0.3111234772245439,0.16153515404077268,0.7210437945182127,0.7144118221028848,0.0027738084060578393,0.01809646817616536,0.5403456209354208,0.33046108521236234,0.48083083681127786,0.6515303612448743,0.46957490386287737,0.060672639787835214,0.7974500031328329,0.8278497468646127,0.3028375608525699,0.72303030291866,0.18766160227008385,0.5098543869313406
0.2896150663899673,0.29045745989156657,0.30970970317378776,0.0592261569809263,0.7259583105244011,0.6347625247140493,0.06357124347983324,0.009298070664308112,0.47801221885674394,0.3159874550069724,0.4585261430760507,0.6465111213142943,0.4923681443148827,0.047738381746845096,0.8369234916980053,0.7624767149367873,0.27702319760768274,0.6771503620376315,0.1798546818409677,0.5064900864474162
0.32942741997785824,0.2954834249783703,0.27492275271186495,0.0067137760755772435,0.7848083998579645,0.8421088955267365,0.023886669266764665,0.0,0.47779303242353877,0.33530513573054577,0.4891663587825088,0.6350514149350159,0.46545092150553763,0.13225310361426817,0.8180308166874507,0.7820559137858607,0.28362095110052554,0.7097704027694801,0.14475515871990627,0.47665206039864777
0.29275927773436367,0.3003895807541704,0.3277083606041845,0.10195364566364004,0.7241153713565393,0.7477662499599701,0.017053195467569875,0.035809214827527,0.5636298069753533,0.34611017030270447,0.46570385482017057,0.6233617377921783,0.49276368081456423,0.08976086456019823,0.783347389706239,0.7504033874790581,0.3140698704542234,0.7034431733921288,0.19955756845949474,0.4850824298712762
0.27763088895994126,0.3227249783920575,0.29021483210293053,0.14206963199643682,0.7455954377985463,0.7599073632561268,0.03927850846111142,0.011103984850601784,0.52933542693963,0.3633175564741278,0.5158904969678442,0.6761592838509869,0.48425452242383565,0.09238870794800805,0.7946673677392758,0.7815804787785187,0.3198882056243526,0.7030752765908941,0.1614330321886667,0.5232244454630832
0.3639694630676466,0.325685064641065,0.3161986526053266,0.16801046998955316,0.8584968294040272,0.7371046125061546,0.024989018918601447,0.050974165153977014,0.4284465890392089,0.3537726216313596,0.5108968292483651,0.6610927741626361,0.4680735062181616,0.09522394865240082,0.7872374832086121,0.8173641996373897,0.3003571060296435,0.7174368913974818,0.1989748435539702,0.4824460697296688
0.31322671098540394,0.29278899988184265,0.32054753875916386,0.10147354551658404,0.6788158681558039,0.7032441599637705,0.027984563858786542,0.0,0.4830422378236879,0.38216134494345455,0.49208194852711135,0.6175216431486007,0.49057269630669115,0.13038828654009343,0.7634138505869709,0.79538333139249,0.34950627601872203,0.7009859485043431,0.2634731242868895,0.503415978078676
0.32202584614063773,0.3092693622321705,0.34221317191677303,0.1035429357153599,0.657407863421267,0.7307037759525614,0.06984367997201374,0.0,0.44564031987313835,0.3292879188790921,0.5072201340953955,0.6652628460141932,0.4909317945137728,0.0946141049807224,0.7644814825359352,0.8424592327584118,0.31648304726911275,0.709604585238114,0.18471964711007877,0.4962044340086404
0.2772575544135963,0.3742681107583559,0.28882359201761776,0.16615602937022989,0.7891794832399304,0.6600302618902845,0.014497571434899067,0.010652776733817428,0.47147927919754234,0.36762117784114867,0.4812958270024676,0.6684496234046622,0.5031503921161992,0.17032161336497878,0.8411153556573364,0.7443433683109113,0.295130378607342,0.7143172925914228,0.20584322016884202,0.5101272694212412
0.3036685182642445,0.36182629510302133,0.2546097568835835,0.04521033201218318,0.7160678469352948,0.8538543249026652,0.013644782119652085,0.032747621952578285,0.4058445600129788,0.35094597486257456,0.4953087498875003,0.6524875224460186,0.4993229402481859,0.10401281722162688,0.7268734028829145,0.8100095340279296,0.2836858790380131,0.6899126959923878,0.2271994515742785,0.4828778469468714
0.323327677691296,0.32308971009022097,0.3186769908950739,0.10445916899267962,0.734088123612869,0.6782744000788802,0.022331570240249277,0.017989387452043704,0.4958903126691817,0.3638933824823717,0.5095544059060415,0.6819622179150352,0.4898254804145256,0.13185354300874963,0.8646943478978022,0.7400678879252273,0.28050231390721914,0.705983669216276,0.20840873875897722,0.5018016695508022
0.2854701926773309,0.311140104345046,0.35101022363021706,0.1276169555970023,0.7109421810934443,0.688401685807641,0.04143031871162077,0.01620945508361503,0.46574174542516067,0.3412697027346891,0.4849099736358862,0.6543343928424576,0.45744818097582474,0.12415719573713221,0.7862802309759107,0.7937670587669458,0.3067084264096074,0.6949842478557873,0.2087745256382689,0.5033744515469175
0.33127094055037015,0.31360093980154785,0.33977892705878876,0.13796874885140137,0.7370099929616244,0.71798703978068,0.0,0.0,0.5017971577038931,0.3714336074778118,0.4748962565697143,0.6216635294410162,0.5289717397634811,0.09890658039225887,0.7690996557443136,0.8196133369022592,0.29022445910173184,0.697346364405602,0.1891279269893576,0.5046036161245844
0.30198083930243586,0.3284055391819125,0.31919318830549254,0.09960773227236469,0.8299269056048171,0.8044037862426189,0.0,0.0,0.45124636223352427,0.3559044951669048,0.44590756083645766,0.6573033800209664,0.4519276757785638,0.08239087041938611,0.8295903716278908,0.7814198973270313,0.3334748750796685,0.6935587720704334,0.19304366074816304,0.5015814771592523
0.31124918750620173,0.27931622304404785,0.30516727628735907,0.12137764046823366,0.7901064229309059,0.7407254499631327,0.008257694587597049,0.016450093205798093,0.5024873555951612,0.336411100301645,0.4783373294855701,0.6548979460342546,0.49898526348564615,0.10995891785699662,0.8594086633658847,0.8120450641634783,0.3293262360583572,0.7094216080819377,0.17119968433436517,0.5068921864118822
0.3019488016331181,0.30227870387729966,0.3311424519327462,0.02046690586348042,0.7931111755943488,0.6781932101984769,0.0,0.0,0.4875525116563902,0.3497595194217362,0.4964684636912462,0.6379340630244369,0.48862567633772597,0.1153029619362182,0.8447052976641584,0.7516107066066827,0.3126613309499445,0.701632894180365,0.22538135026668224,0.5438354066410163
0.37556834553526813,0.2599424777836723,0.2955290760059106,0.09367006350664606,0.6791886472103678,0.8027169180378669,0.011503373049487231,0.0,0.5450585889556578,0.345208882821258,0.4989126685513526,0.6614711767375485,0.45651715255037767,0.08282241855620419,0.8200740819743957,0.7234524008721447,0.2764200765408621,0.7078908806863334,0.14775525030157713,0.5512259555354221
0.319595083257862,0.3219766936781584,0.3245271553871244,0.13814034850217868,0.6924423131723565,0.776550031339274,0.030049993922585803,0.020018346581717153,0.5423407058523687,0.3597835670127559,0.4900873013143682,0.6166466946761828,0.47751398122243,0.10499016597851968,0.8434745395888735,0.8122811848995122,0.2865556225489519,0.699649652742085,0.22913265015146608,0.48721567718426556
0.288268672131323,0.3294158781910822,0.32510940318333253,0.08070823862981281,0.6080460670257286,0.7669217478608226,0.002185022728954728,0.0,0.5235603680903085,0.3264044650125098,0.4691740181007552,0.6698113365488558,0.4784249422751072,0.1370861493477879,0.7313400969142454,0.8597604093630293,0.325113550514822,0.6679175797505934,0.15788904845764273,0.45363514039295
0.34467634736309566,0.2955044061310188,0.3362041981499776,0.1223593688635839,0.7095309589458623,0.775786712058542,0.0,0.04210711924723613,0.4902015865801636,0.34941296595768606,0.4404635686210482,0.632437565927891,0.5061116543162104,0.16209843217209036,0.7791267783404742,0.7501582023932043,0.28873867600409797,0.7006273683219941,0.2288782182222996,0.5119099060144394
0.28337469050086933,0.35721960289870097,0.37019320077822154,0.13787490003210792,0.797835159319283,0.8597180950291226,0.02138674323430696,0.0344787268847578,0.5595614118578088,0.35790614505298657,0.47009569803990525,0.6303010774976594,0.46573378199439575,0.12563107961048264,0.7635531975990063,0.8388877672042718,0.32244283467839047,0.7012707591031363,0.18938547421363458,0.5037250491980253
0.32626590785014264,0.27322703010992977,0.32284831934357533,0.10629803196568939,0.7758473257874186,0.8492547447518056,0.03725086969230341,0.0,0.4534089416648054,0.35066046614386065,0.47391310257892094,0.6477235045538505,0.4747610998715129,0.15588279059140847,0.848985549248607,0.7917369363526565,0.3094920784606952,0.7048519187430692,0.1630439393560076,0.5212208371836716
0.26120989628360675,0.2660687535937054,0.30482072748585004,0.12681855083986282,0.7389243368523938,0.7056642328498353,0.0,0.0,0.4578932411130901,0.3769388248877799,0.4737414206561997,0.6586594585608727,0.43327860789957473,0.08111877366380633,0.7846608792430446,0.736572339132277,0.30103435769626374,0.6881254161262851,0.2173789593523891,0.5056977179943063
0.2801544185330471,0.31673355455679914,0.3144885137561601,0.0814906973886155,0.7488849858140973,0.8211942496405576,0.03640464796611968,0.0,0.4974865070033281,0.36548045548142105,0.4923711271395585,0.6532784812718686,0.5146952558624716,0.12105646756177882,0.8338162622712822,0.7447397879459136,0.28594334374129116,0.6760906056666898,0.22786302605227327,0.5011720787905144
0.32590583707607373,0.3414129490783646,0.2796184819022176,0.11173554881215814,0.7155557228712297,0.759158409487945,0.03634612407476652,0.0,0.5676211432676336,0.34985038406518504,0.5197135282202968,0.6351468166845524,0.4585906351395986,0.14015558525743818,0.8214342776995456,0.790631390934426,0.29811512312950494,0.7124921328978855,0.1868576405568939,0.5225781319175444
0.3421539973998623,0.36051783074373606,0.30110573737821883,0.1444086467835689,0.7602379441200892,0.7649547908068874,0.03908170204313256,0.02532776953144799,0.49392983279389735,0.35433378194995346,0.48247058403682186,0.6398782141761623,0.48653821728478347,0.07311000001084013,0.7655077225534528,0.7738215084830359,0.3037929590974979,0.6945278688693166,0.221618316460368,0.5253756117682769
0.32514104843569913,0.2962334721139318,0.3068143512377379,0.12627891843873737,0.7882939139740307,0.6553864584178335,0.04436960429743373,0.001722101154502862,0.4945026427037215,0.35591331102963997,0.4756653642168707,0.6273391530524508,0.4779718434055627,0.08543229663864974,0.7765216716009486,0.7374834809296704,0.3206507779660224,0.7034248809536998,0.1314474651599195,0.47226879882438005
0.3165305515283528,0.34236042500293884,0.3045182320413082,0.09653874921744257,0.6692056606294764,0.7314807117305901,0.06404027849319233,0.019215944872319347,0.45674268931664574,0.35806599208333645,0.4748155637399181,0.6455064019674026,0.4780399806643332,0.1521371428550575,0.851752707632589,0.7222384287509839,0.2822852879873249,0.694370798402234,0.160382111307602,0.4836678762572083
0.31096688913232134,0.3088447459149788,0.31804709744067444,0.12896865617163172,0.7649823843918674,0.6993588204831718,0.012878159027618897,0.0,0.5283778875581113,0.3134868400867078,0.4824876953381543,0.6715004242902182,0.49619723969741747,0.07074703432639182,0.7689806940526235,0.7561312268829398,0.2947436631494777,0.699878763484528,0.23877226791406186,0.49788814081422644
0.27564434028897716,0.3048211810017754,0.298551601352356,0.14858439162546472,0.7966217435477334,0.7814029407446654,0.022191431601557163,0.025959505091638108,0.5285952876298806,0.34396947408461304,0.46343412479303203,0.6499147412471225,0.5134252492060727,0.059766099020328686,0.8049947044078192,0.7977523603332448,0.30089646263864567,0.6910142930412838,0.19328992177406254,0.5019687524784917
0.29840467374815877,0.3365097981246002,0.33742061334648943,0.038002348856900875,0.7292449855518315,0.7935540250201403,0.01167123133503949,0.0,0.5236722560419973,0.32031121863613143,0.48240397117492106,0.6671882850951891,0.4850298733988398,0.14583944720918535,0.7686983485469423,0.7897439698958745,0.31325356715372327,0.6806383282169234,0.1441336002065346,0.49548033593295504
0.3061808368712064,0.3295696863524026,0.31500414129836396,0.1663629625982359,0.7850350306060292,0.6362756824491844,0.020039536895116217,0.010243393645658103,0.48112337981457914,0.3755656189491897,0.48901624672663596,0.6791080267545239,0.4931015603526105,0.13590289674941317,0.7874419125233656,0.7699504816999969,0.28183071324954445,0.7094746332153731,0.1790340145867402,0.5086841435572377
0.35171366678656746,0.2627082352904725,0.3148139935772277,0.10654981045275712,0.8907327222236276,0.7388982567997865,0.05065746711272624,0.008142509972138945,0.47879879694880983,0.3487830095999414,0.48419372127148974,0.6382396296192607,0.4865778307345408,0.11296360731951309,0.7981535222412012,0.7980754877716594,0.2736686041422557,0.6879375982354775,0.1722979858242476,0.519922095786342
0.33030854868705384,0.35429621049177684,0.3084421056697416,0.13701959732960922,0.7447828603506554,0.7960930752397126,0.0,0.0,0.46120633248785087,0.3461331810064075,0.4891508386800956,0.6462685349388927,0.5003506284786126,0.09862867736062518,0.7686853395881004,0.8316010687945076,0.31347930303420096,0.7032790296178961,0.19502114805581228,0.5344541942144145
0.26710879533911797,0.35140274062442356,0.3181038136771796,0.16788987694580912,0.7696653525002661,0.7306660518843278,0.002779006556688491,0.0,0.502516175052828,0.3679359466406647,0.4886749521869707,0.6934238572212499,0.4707416724102734,0.08684426483185055,0.7615821218406448,0.805765060417366,0.2696410177010659,0.7082092044380415,0.18887747048577058,0.511578260475458
0.32972251908184386,0.2912331189547141,0.3315019652933527,0.06513305211078135,0.7130971458169304,0.7764531822501182,0.047543618730091226,0.02935588938006852,0.4675877801216449,0.35844649594899747,0.4445620663550711,0.678886868239599,0.5015078110883283,0.10845846621427153,0.8114509334710978,0.7851476531444168,0.32569959429524337,0.6882637456879384,0.20536795186814483,0.4829533264309378
0.30844753158751054,0.3218741060031223,0.297657395685782,0.09162235990289813,0.7590625581301025,0.7575582733813542,0.040400730138041796,0.01797984315003391,0.46467750484252135,0.32742730971241585,0.49273740316790804,0.6165519094837529,0.5022099973129477,0.1473942087220465,0.766210503648353,0.8271228802664276,0.2968814780503418,0.6759222873125402,0.19791601845162277,0.49705247549604364
0.29969233999082123,0.32482090558848215,0.3018376702184949,0.1084580521649718,0.7730135812491152,0.7570830115976314,0.01273736706365844,0.031000980831068538,0.4872892784926797,0.3485818927494526,0.4665797030867509,0.6577429663212182,0.5016507401736582,0.10715698378426229,0.7675736977720531,0.7516059879113483,0.26904937835451104,0.748521712277061,0.24079217765111058,0.49849295517480885
0.33835028866522604,0.3178202129747172,0.3089254794244667,0.08864985915502285,0.7597421170135069,0.7264342510965851,0.0370880400224144,0.016493164710050367,0.4853253147444735,0.34329666053547225,0.4580832167399208,0.6500111998467939,0.4667970426532705,0.16500877801740899,0.7624378742519212,0.781003218417786,0.2903915956119301,0.6894445624810914,0.21273645799159008,0.5102928047996231
0.35092998567487854,0.2934908453846374,0.2880825815305357,0.18939746303347232,0.6990152340145571,0.6791709597932145,0.026824316849840664,0.01285981269618433,0.48386064413534136,0.3151093422278789,0.45791096344290005,0.6665290622171752,0.4766332473152562,0.0730617404307931,0.7968836781467473,0.7819564825759853,0.3075824726613847,0.7124683431720231,0.21373014833580758,0.5077633606686789
0.347938403573486,0.28985129896185846,0.29861484280557005,0.08572911624692828,0.7603180885662726,0.6839234926287486,0.05000549218001976,0.0,0.5139933379052078,0.33619447533525587,0.48867083220945057,0.6351004246502989,0.4847893397756087,0.09940957737015192,0.8377480653759937,0.7405218696622862,0.28934597824890046,0.7387892709914025,0.23495471371683566,0.5410079330222302
0.29482347430332084,0.3092333778702566,0.30547558252910684,0.09777812882052533,0.8231097969358818,0.7754676257227658,0.021490191876535454,0.004592666064776605,0.5023714340645083,0.3463291935596707,0.4755485014555029,0.6332078325591866,0.45258315910341984,0.08880823997008254,0.8602611454524907,0.7732050335086257,0.3004005949764869,0.7157981549370778,0.18833693748711255,0.4907697372949018
0.3107236287244636,0.34518187057778094,0.3324877836142546,0.12817556126411905,0.7724317882257263,0.7409729127759441,0.040512642277451646,0.00945231359192512,0.49135531908466645,0.34770098137016314,0.4463606243202918,0.6364785856941279,0.5118984041617203,0.06744575370513002,0.7709632765602489,0.7070016127641879,0.31480156731410575,0.693991143823449,0.16214367669924545,0.5076950106753361
0.3299379029421069,0.32630800463783294,0.3202512265800385,0.07191401895695644,0.798099359453592,0.7330743877696387,0.0728402382098524,0.049062143965451485,0.5054903878493444,0.3203553715264538,0.48956075630384566,0.6385614290760314,0.47975446932995647,0.09540748800971034,0.8860124317332485,0.8664871219065182,0.2959561932922476,0.6986576722492978,0.23620910973896747,0.5470942279548818
0.34926635381367077,0.29888157003741683,0.3188717982273509,0.10417277152974944,0.7381494014993686,0.7188054978838824,0.031961983100949325,0.023739132641973547,0.47025418876686104,0.3730333116609495,0.4512078373840234,0.6663064833361803,0.4856785577520944,0.1125198790498132,0.7598118055717282,0.7525034484625475,0.28125884647067734,0.683347855605223,0.20407525244324337,0.488295862061928
0.3056247728646413,0.3331509613194503,0.3320179592433594,0.132698130450007,0.7874950119711855,0.7247405577259624,0.020986563315896874,0.04072122363419057,0.5031583587172903,0.3479579388221712,0.4827964271703642,0.6263759765370224,0.46845991120545594,0.1157269053985609,0.8433419409331149,0.8534445652568525,0.2940203200525632,0.7176339285391548,0.20418053623696786,0.5029029739234071
0.31443023070008547,0.22454372138109774,0.3122525642320121,0.10668558382469955,0.7639633919108263,0.7923455897244069,0.03444893970441959,0.021950754117894565,0.504518074785339,0.35075106153321123,0.48476997851346104,0.6375477220008137,0.4534624488126595,0.16511356536833668,0.7711321418393824,0.7915233802287798,0.3282968027291852,0.7113254141611737,0.18100010235409292,0.4811023899775197
0.2868099507798192,0.3444629710111631,0.3228092969985778,0.11626452564400207,0.7024544635156384,0.7232377959065986,0.012694382835922302,0.0,0.4549085942192756,0.3580128327667967,0.49771154163390086,0.6142197521899712,0.46791940229050455,0.1139340240917068,0.7651630692051996,0.8125945652862384,0.3337012869066637,0.6897114836347651,0.18149434000689268,0.5016417379925486
0.2841138012775799,0.257808586636657,0.31293556494135005,0.09882671550206516,0.7659260502399438,0.6729467643349215,0.06775935411049465,0.012342484322997027,0.5298708126311109,0.33423847492192654,0.515633695729337,0.6701423564682475,0.4843840837526717,0.1345041041103885,0.7702097537286245,0.7704480080659628,0.2596014765211545,0.6791565038580311,0.22540167016312532,0.4843956570372472
0.34437577467182595,0.29912677175790603,0.32030724698799257,0.059421187632769316,0.7004151668279844,0.7771825887770086,0.02360142075391963,0.01472447292528466,0.47355698884319014,0.3591271194626539,0.45270647348198917,0.6754206019886229,0.49346857625507384,0.10198282738896929,0.7979020920140353,0.798317187678467,0.32182055818382954,0.6735753252467261,0.22953967394412833,0.5209360180698269
0.3606872008571247,0.27640990316121566,0.30334482684776837,0.13286372845356953,0.7183559862557604,0.7297561668067641,0.014541333595489743,0.0,0.502709293976193,0.3426585070796363,0.478950522878739,0.6434585313827242,0.4832358308120544,0.15034166801357784,0.8231988868413445,0.8160195855995375,0.3050029543207071,0.719730280076084,0.22351470217239977,0.502946377180628
0.31783969635259,0.2711595557283728,0.2662236568344714,0.19019732286588964,0.7594664153646187,0.7415697932766389,0.003286219899599277,0.0023122524681415766,0.5349323522160581,0.33206828918705616,0.47447329409911565,0.6440410127037356,0.486934480324839,0.1719534785676421,0.8267947215161929,0.8165820965757673,0.318479653582403,0.7024074625791111,0.22378884816336425,0.48129205480035414
0.3501059869367607,0.3448248036213556,0.3123144167562739,0.12073606523133752,0.7648622136690062,0.8203789153199755,0.04194440383212877,0.00588466012645656,0.5277703027314161,0.361468949867108,0.48867499371921924,0.659064438045658,0.47325947250637246,0.1159325539292785,0.7622405993860846,0.8209909356029743,0.2889902347946474,0.704299690726655,0.21707088611779277,0.5168113539558334
0.33084908075142905,0.29596896396064326,0.3434549627219988,0.12901056468990196,0.6905383767461435,0.7389719721324747,0.037343748256554773,0.04211239665130236,0.501030001657065,0.3798334771760361,0.48431337541867236,0.6794896401475652,0.48992497132490853,0.07022022953645257,0.7604136284995493,0.775266691598433,0.26463472980997027,0.6835410274827528,0.20394568190234472,0.5035933207774318
0.3006464073618463,0.3203951164519215,0.33352430804483185,0.14770891020467436,0.8026992885591439,0.7544591836559362,0.010052912571718135,0.0,0.48912502991353796,0.36449658746971664,0.4729490751452676,0.6581722149512783,0.5096566573277181,0.08353584931668495,0.7633344522654582,0.7707856131003459,0.3116897757729492,0.6707299379339118,0.19473860947037058,0.5190563755444692
0.3308418681652524,0.3085923826336245,0.3343079496918234,0.06922678013813202,0.7786003139150236,0.6810538254350837,0.03152902690244845,0.03411636841432086,0.528425357257267,0.3684595513028086,0.47118195622778286,0.6360491611504977,0.4940957888487797,0.10845802909615487,0.7955458239045796,0.7262329469892959,0.28118045477434567,0.7192522714942327,0.23630971549824661,0.477046747441045
0.36614109699397906,0.32431122481669367,0.33972261443612434,0.18810058632518423,0.7147635782194558,0.729016527382452,0.0,0.0,0.5202408493342586,0.339587387868754,0.457670982896319,0.6176235485602712,0.4961908377650588,0.11369494105751939,0.791593775832365,0.8109287604470775,0.27223415137030293,0.7008407807399446,0.188788373885287,0.5073764882449733
0.31892521882670144,0.3123046567318077,0.31677315181922877,0.12809315185691209,0.6731207601775412,0.7704763022604301,0.023699411501463125,0.0,0.4814490493986761,0.31804760541663085,0.4997572316481302,0.6276974747467303,0.4858803279861326,0.12095275403153116,0.7619929815172083,0.8332951484529377,0.27363197235053066,0.7181446932011524,0.21109937641642243,0.5154668338928942
0.3669393096744202,0.2715102332743429,0.3189463141481119,0.18527427596356436,0.7427547710459285,0.6622313133079378,0.02905512704153389,0.03359884260076928,0.4761531905899493,0.3798027504419968,0.48918408363199056,0.6514643890062494,0.44993689860800795,0.11380593043690124,0.8107841477625298,0.8546392671967172,0.3120182756483067,0.6922813374696887,0.17587961006137262,0.49153245019528524
0.24140764687730767,0.33988800458341417,0.302646962091313,0.09067868017904042,0.727702814306942,0.7500422546557854,0.05414659619118446,0.024637961384687622,0.43782934454912004,0.3910902977880952,0.49835536395590274,0.6368934495359841,0.4591066693873751,0.10020954748767817,0.8905027523334128,0.8022069053832204,0.3027890493205839,0.6952636431392628,0.1802210288944865,0.474819945460637
0.3446570751312567,0.2951873025051606,0.308678542879459,0.19272247690231298,0.7556570228526511,0.7450395536322403,0.0045836239454262115,0.0350903740476238,0.5046209552505077,0.3808561354753936,0.4737920772704897,0.6538993541198151,0.48909751601327683,0.08091404676393615,0.779811381526594,0.7593408090836573,0.31564932043749344,0.7142659635324126,0.19291536296428322,0.4991678500925921
0.32261141204714516,0.26330254304020745,0.3273154229954228,0.15100621976139134,0.7318441669422217,0.742064372779372,0.0,0.026014038950911533,0.49751906764944803,0.343284281220405,0.46686329062611137,0.6389415196752753,0.4797812189607983,0.1120341478379269,0.7826595271518587,0.7221161542684218,0.3133815050899273,0.7146469615930104,0.1758818486981851,0.5245623058756186
0.311029779486024,0.29715654517102263,0.33907768874337635,0.14212160343409433,0.6496271569627495,0.7918579449329122,0.002091440781499164,0.05119690003474804,0.5340857412392763,0.3269073132254231,0.4584336986674154,0.6288370713741118,0.4887968577294565,0.1556496207244197,0.8223864628129748,0.8316666693233341,0.29158132870832465,0.715951312453719,0.223935554764349,0.5225186066126811
0.3227528232960651,0.35502279371902934,0.31221107448638,0.12936097817412592,0.7305826530849421,0.756721925742426,0.0,0.021174476738889707,0.510771652804411,0.32868634604360863,0.48717835167481316,0.6264593673709385,0.5135284683568815,0.13059785816283265,0.7776473483305283,0.7181489373288986,0.2985905285224509,0.6940959749379461,0.15955897245364914,0.4914314313048885
0.26037293256197325,0.33550665226340476,0.3059962147029718,0.11005885527702203,0.7347190444465843,0.8139035949178222,0.04673314715517966,0.00687045247753683,0.5400268758251807,0.316325348647719,0.4592041355094353,0.6812470901874647,0.49452071998458663,0.11604111848908595,0.8267585792687273,0.7763758368902494,0.2897712494243492,0.7122909447530174,0.2029768887014322,0.4743382912724711
0.31340984336487465,0.2995404359677642,0.31501055917713194,0.1680212663389549,0.781683051238703,0.6903205242202982,0.05097278590048074,0.016858527546426853,0.47907907316251486,0.3478524276317991,0.516973261379331,0.6677797549836729,0.5051777241148564,0.13088700771468254,0.7712582917288384,0.7810277268822542,0.2957934445426902,0.7221819893095344,0.20397524290526545,0.49137640559300855
0.33071337714535237,0.29952226887044714,0.3270241349785823,0.12561439479392186,0.7150900162694476,0.7467962283609174,0.02640433155897658,0.03486938256691927,0.5341445099290285,0.3821135591616491,0.45384714837813117,0.6846103590365592,0.4818936277894146,0.08886807913297443,0.8732847843030921,0.7872217944859593,0.28065490524037867,0.6979045597663692,0.14567601265040958,0.49063044698536173
0.3643368213422455,0.30035094846347854,0.2861229036773292,0.04131721185651391,0.8339337336686283,0.7442233393194974,0.044425898913702966,0.0,0.48413250862686036,0.3471667473625551,0.48547320238425,0.6607990180151021,0.46385568645031117,0.0847520456175004,0.8137909989036918,0.7914321040014336,0.3078096858774867,0.6897302327245188,0.18676928538429174,0.5089289356660955
0.3044518934517906,0.37230243950682523,0.2690763809372552,0.0753125415317199,0.6544179724674122,0.686537275312246,0.022679167611604708,0.0,0.5233278818537681,0.3560464580069655,0.5113370941442758,0.6414001718277033,0.4788426768157132,0.07756644686902055,0.7751990820369316,0.795525902254703,0.3215024149796351,0.7268549520663353,0.2076709861414443,0.4978999699419176
0.29574519191320436,0.3214580635669466,0.3039892630101683,0.1125661699122901,0.8155583748901312,0.7878147501045673,0.01809776704598468,0.0038207997080418523,0.4562372482240792,0.3775119392860842,0.4919817951852762,0.6764668184497988,0.46390496372561724,0.09624140131691687,0.7764523320212291,0.6933854695168589,0.28366773940358025,0.6869110853289738,0.21286183979882206,0.48493471576525715
0.3049472886924639,0.32290124941573206,0.29058575148171684,0.13239995932662219,0.7387840514560947,0.8562336652926409,0.013339247618924768,0.0,0.5070540589809857,0.34191809376335197,0.4835134742498356,0.6493386399727646,0.511165899135449,0.0873398230987276,0.7794480098916786,0.7905862363948051,0.32562539290802683,0.7125895299422895,0.19387078374199504,0.5220852613452134
0.34746206353106224,0.34090850362095526,0.3048371960470538,0.11773646044400417,0.7929792436171779,0.7391496962758084,0.013792180172448692,0.012761568168350937,0.4404593617566227,0.39071062913439186,0.46063032706076207,0.6544168354058071,0.49580782153070935,0.1362482422195642,0.854909986649955,0.7008169770355249,0.3022704299295588,0.6988315537896027,0.22030664613442147,0.5028085173488966
0.32986253328979054,0.3171636747707954,0.31204439362365055,0.16875883159174654,0.7539900742029366,0.7652510544136883,0.0,0.0,0.4919858754217474,0.389841888149949,0.4523646162286459,0.6491435124184897,0.4904102499325656,0.08574029746953434,0.7492499596959488,0.8192887229236399,0.3048215795281163,0.6631686876703088,0.19672051228291879,0.5087083130546188
0.3041071938869888,0.3022287356253789,0.30593503181953974,0.041955925438455,0.8069777768012735,0.7442259237907664,0.02528509527214678,0.011061186258652381,0.5132106198163374,0.34737777322639035,0.4954010021783517,0.5910619156143198,0.504718864044562,0.07591834851325252,0.7732823331816199,0.7677949937678555,0.26601140960784964,0.7225718813495715,0.2004095873622517,0.46550029131737464
0.3353980229934007,0.30410950452745067,0.3440493506894149,0.1257435174602064,0.7306319017723595,0.7043207665046411,0.019193321795719125,0.027305795122705,0.48437094346306714,0.3384493147196157,0.5101229448154989,0.6820947002458971,0.4395988717095355,0.15827731536491896,0.777533577722983,0.7037185309910661,0.2638547538086853,0.6448429274090526,0.20754961606959663,0.4515147025860543
0.3229123264804412,0.3078519622175781,0.32153489529204643,0.0472808309845138,0.6950689787411094,0.6489619861098992,0.034907214481557515,0.00046247078712328624,0.46848687113732096,0.36394476092780625,0.47122300019043656,0.6598200789191551,0.4917627590268532,0.0864587430675597,0.7993724813297225,0.757431812904585,0.3028823272555936,0.6603174386648478,0.22780998886202508,0.47124908437111185
0.3490593497159867,0.30888333290470477,0.32100948719221656,0.15038849181936673,0.8210252143635531,0.7047113258452318,0.021870469928772195,0.04354231740373742,0.525383554078878,0.3430495011496228,0.45721876984767296,0.6565964612173703,0.4537870843139125,0.10460585371751054,0.7891556122941282,0.7671969864326139,0.31579464249264017,0.7105466015896134,0.17972845992753406,0.4903891314878645
0.2989384071836794,0.3318288863091094,0.32744414288086804,0.11622165142231988,0.744325967705893,0.6704020809524134,0.016745925968618167,0.0,0.4968961163045923,0.32686889565865324,0.43083661138901963,0.6487644787545888,0.47985488603068677,0.11353968474230236,0.7403508867443815,0.8376279847022002,0.2865723911271009,0.7105414239735622,0.18539534382445108,0.5115271203522762
0.31017013560206697,0.311558376574219,0.29222333764438463,0.13678439888096472,0.7610779236812105,0.8252051039029559,0.002576139399847386,0.03382521363263665,0.48531288058907984,0.3756247730704596,0.46038470312674923,0.6532685564077226,0.4737658481506557,0.06589920643237555,0.7840070926561813,0.7978655096700098,0.33340187801166177,0.6872484028424493,0.17993310524812356,0.453155062591854
0.3082367554060353,0.3319792023164674,0.3357822357484054,0.08544468157640936,0.8117375957022398,0.734244515303838,0.021443064736435227,0.023502741128138417,0.5012568776346283,0.3743289477455416,0.47772686315001917,0.6380544212830751,0.4932347322419389,0.13706451308509207,0.7960179726726013,0.8037777977740233,0.3146987194850863,0.7029564418060649,0.190034068515742,0.5318570412874397
0.27609455155603646,0.3075785025967425,0.3134847142692908,0.17117859726631005,0.6984022378952782,0.7227040335476415,0.03476474461632324,0.0,0.5791000742583676,0.3531102320752712,0.5119824648167347,0.6623315870461455,0.48456374577921907,0.11911357121233683,0.7748760865968087,0.837248865368824,0.28183317496584026,0.6493713990844399,0.24278702774239294,0.5034113205354025
0.3288836083119373,0.3123590557094827,0.32840961234482424,0.16166898656235407,0.7797745448819628,0.7844576912393902,0.0,0.06421588598081066,0.5346050854934463,0.32474270492543644,0.49346267384465936,0.6238580331120174,0.5069023434722357,0.14675152035642347,0.8274710195619066,0.7861542284830204,0.3006169733410701,0.714139509289412,0.21718175957989466,0.5272058998589982
0.32783165816539667,0.2500539794640368,0.2935628553391969,0.1433417721204755,0.7205052621768555,0.6839124448572056,0.021749475073614785,0.008725094289920677,0.5348772100456352,0.32540947497565226,0.48610170809413505,0.653721368649411,0.4679620567813477,0.07962334188345699,0.836776337150146,0.8201675184412962,0.34953858267446825,0.7049945097410719,0.16606730764493477,0.4822805983505174
0.3201534036992738,0.33748983024107443,0.2839248246796787,0.11481931012546237,0.7433915322177814,0.7016567980997723,0.02466085903058968,0.0,0.5130663895697709,0.35214458576838303,0.47199760677397734,0.6612314694114221,0.49418228779266565,0.10297377377428481,0.7968645320108243,0.8173544445572797,0.27514871994400586,0.6990871429333241,0.18198659103233977,0.5100771986834498
0.3129623859987456,0.3203946542769398,0.33135779316050057,0.14319429141180529,0.7536139482692145,0.743403613462431,0.005638704327634714,0.0,0.5049945581773144,0.34000257930989936,0.46833668565488085,0.6460266173235419,0.48324446433797663,0.10118067264982586,0.8092216634740292,0.7385412202572236,0.3105653987783021,0.7004168296427554,0.21118301672829207,0.5017039185994158
0.27753887773848757,0.33994030329578956,0.3225281905219503,0.09172429728050605,0.6749889069276532,0.791438449571174,0.008242873901839996,0.005599639446806519,0.4281175313500875,0.3431781413571678,0.5081129519501593,0.6574173558494205,0.44729419459856895,0.10791665483050066,0.7135577601060292,0.8489193431051932,0.29354510894553315,0.7098650835238606,0.1728047665720169,0.5163537262610911
0.3073806403170392,0.22311233865418933,0.2969589689128498,0.1542222263608285,0.7110581478589783,0.7650842522584393,0.02461221697532429,0.007451862552200806,0.47963058960610605,0.37043926310120007,0.48401477081516775,0.630173312155315,0.4616276708295393,0.056361557542685174,0.7831558891135267,0.7331879287971722,0.31413792581837024,0.6994219695300428,0.1782397987755573,0.49532417264800566
0.30971856450419694,0.37265124114342185,0.29760673837450613,0.18597923577295683,0.8175536446206569,0.7524162571257941,0.0,0.012052910570793288,0.48558276760392577,0.36466358634845114,0.43794798616157954,0.6306834645820807,0.4770024393295566,0.10332509136076667,0.8401928676703165,0.826694665979114,0.3253454729263676,0.6625188899453756,0.24034878998522446,0.5094643041801518
0.29593168192335145,0.3058123111553448,0.3375086956882954,0.16282442239916745,0.7943095594292398,0.7439058867618008,0.026998474304987852,0.004044076875520797,0.44375323807857403,0.37756285360995223,0.46652920704205514,0.6547343424205279,0.5022458489978345,0.05720608265728765,0.783062536672829,0.7293170785237747,0.29227525822577266,0.7439266446904504,0.1815987311458044,0.522043906375424
0.3151614286500197,0.3432454845021255,0.29121176214265343,0.09081590120770361,0.7468680211336383,0.7600117927763388,0.0020929125268159994,0.02266450620230187,0.46527752629353697,0.33018753553245483,0.46283567936456743,0.6635709930924211,0.48927446115114226,0.11075002213590765,0.7705095329443216,0.814049471526067,0.32237824543414345,0.7240160163885689,0.22864000448088162,0.4869764741221645
0.33212152570443615,0.2788028221862341,0.3478534590651193,0.1344566926909241,0.7621561729256446,0.7500826452564627,0.04125707386066433,0.002247403346735073,0.44057490587232095,0.3431361686262657,0.46907471981645066,0.6125026868899658,0.45664998352238567,0.03614052626444442,0.8911075570412372,0.8644765951260069,0.3444240678854392,0.6743011067609034,0.23765969568592815,0.504844884649793
0.3765855770363159,0.32838321715187707,0.2969875853070426,0.06827433824965409,0.7352878747181771,0.6885013862611532,0.066756554907766,0.0,0.49885028492907885,0.3651796339092022,0.4912582132057017,0.6604404127022153,0.4771936754390568,0.04445239497128241,0.8727630876078323,0.7814808537379916,0.3013254947468847,0.6930972553904682,0.17799613726493108,0.46224275525555303
0.32523733438495517,0.2783975331047903,0.3277678385121677,0.14289561244702703,0.8178291692913991,0.7423039610816575,0.0027848639659636062,0.0070127700870071755,0.5245629791254645,0.3589615668202578,0.477851102364115,0.6391359699924732,0.5203561289758606,0.12455646149319996,0.8187029964992864,0.7797457742858742,0.31569777374988367,0.6952793161968791,0.17330112330328576,0.5140500603812671
0.32772651172168293,0.29128693117912585,0.3084276304850203,0.13802413651450154,0.7399823711102919,0.6863155670541123,0.030684157247493495,0.0,0.5332032355587298,0.38064760765175243,0.47846269185992674,0.6461438782538518,0.4822244666968171,0.08359484634415652,0.845556424459202,0.814417599972674,0.2881911845959345,0.7215769913301793,0.19171603740556506,0.5390932508692498
0.317766622527015,0.3674209406160036,0.3270637486216469,0.045207346418713434,0.7615921046067424,0.7440541271450412,0.005465161902359614,0.01707541261782779,0.5124435338623773,0.3584107341180814,0.5062694632265047,0.6232096415286993,0.47345348849855207,0.07036425779103278,0.7109625832816769,0.7768241417614983,0.30038518618062426,0.6568146212936046,0.16734116837979127,0.4751112790450261
0.26243686354102874,0.3042795279770996,0.30411771995771614,0.07352864624350544,0.8073015072071033,0.7159676029255879,0.04081908347595579,0.0,0.4710981097640429,0.38696218208211103,0.46607077820426623,0.6329676551962659,0.4898347928151244,0.13812536863226643,0.7684979423748518,0.8627311481497129,0.29646649814583514,0.6900198347114042,0.2036310163550823,0.49817237479144116
0.3192045837365235,0.3165229861953917,0.3117441418785541,0.1086744441302493,0.7111314257577047,0.8669690811391431,0.0,0.01326720709831601,0.4420380452444012,0.3608003560344628,0.517283990517747,0.6693225065106062,0.4952678615916394,0.10982878651985245,0.781201685073074,0.7976876899783478,0.3159387185131719,0.6647872711332499,0.19383044264439842,0.5176096260182823
0.3218069062982308,0.3361020319206626,0.3158183835079144,0.10796561011436695,0.8279394592248447,0.7380052808124143,0.029611735168554254,0.036281499630492084,0.44729393901795494,0.3712433489517732,0.46657384817257824,0.6506572674796043,0.4708766330503988,0.12616270586601352,0.7905607960453221,0.777193219671171,0.3240935187151385,0.6942980896834332,0.21081740047658906,0.500628349469331
0.3938972633745586,0.32487045663917813,0.29495625088437055,0.07162092258324779,0.6734769295128311,0.6697880216869205,0.002540220662212947,0.0,0.46193052268236506,0.34352970106431086,0.4817839639322514,0.6423444319658088,0.4900514954874287,0.09501273783037509,0.7804022391610416,0.7683885788841727,0.2978069030176508,0.6905499821383019,0.24190830368698463,0.5033019910298645
0.31422917105656634,0.3145125671543073,0.32981648690840254,0.13555914917408735,0.8314821065556399,0.7332909894661538,0.015860308218032623,0.03122512517024236,0.47333420905892976,0.3502857442376798,0.4743759280919446,0.6476702329473794,0.4734222100665838,0.1803888608170001,0.6979989483393462,0.7526820611930792,0.33067245691465846,0.7015938813476542,0.2245245494231096,0.49218001116952725
0.32904642027000836,0.3209488300739868,0.3047357286705683,0.13005894435762047,0.7313662208024013,0.7659679372818944,0.0,0.001332208666276936,0.4952075450602524,0.3682188880767895,0.4824683826700192,0.659784236493286,0.49438655203658877,0.08186458418320616,0.8154409847483425,0.7648898005297005,0.3306009488312326,0.6879025120198163,0.2146771932623707,0.4914369549382417
0.3189586469088427,0.3821024675571483,0.3104280016931996,0.11222923472085922,0.737865062608736,0.8236681973076262,0.03644700941791507,0.04506389604131171,0.46957507345619093,0.38225956341186107,0.48889183990146257,0.6588098899232667,0.4833938631594257,0.15233486648079664,0.8217461651312243,0.7759730642536562,0.316937074863598,0.6849795321721894,0.14101854761096247,0.4982661169282924
0.28493965887141404,0.30827143608899243,0.29511301250782973,0.08976833999366549,0.6554994914408528,0.710527380003064,0.0032603929112082625,0.002696947736035733,0.5101692768100479,0.364584738986215,0.4886767048017775,0.648499459992064,0.48963935654105784,0.09815901879700262,0.8640759516635993,0.7704944370600568,0.28967946936556543,0.7123931338352629,0.21330127946307126,0.5008334284427871
0.35428468443545064,0.31603297140144904,0.2637533268240938,0.16194828505666253,0.7272602641311153,0.6608786012988179,0.031039285186636553,0.0,0.49303179491601584,0.34833656456130757,0.46493765338758836,0.6718591822179334,0.4648163290766499,0.050364688152617625,0.7684676294090015,0.7636729890345159,0.2877634236652019,0.7090934548188516,0.2516788298211365,0.4763711747684538
0.34255799098060324,0.3415196318802284,0.31117944474799664,0.1862162845235318,0.6980096734486558,0.7808418505715491,0.013118039434753342,0.02374476900790577,0.5003163713522307,0.37754670059056683,0.4575417064510486,0.6694092527381333,0.4635742723185428,0.11448546237244327,0.765193473688804,0.8739536492140976,0.2837523729061992,0.7110279668555648,0.10968432451059451,0.4986795602810794
0.3437309584112914,0.3431657779887395,0.3632523084322583,0.10065754064613851,0.7196176827313263,0.6709700647050174,0.017710552564022743,0.001284205407527281,0.5342075165801361,0.30616042687440237,0.5300634358181142,0.6582674405826079,0.4989099460931879,0.10944287684365492,0.6928006205614213,0.7487961969404204,0.3189833214047632,0.6964619981901831,0.22068147628926876,0.5313706787741865
0.29271837635615783,0.3456109091668114,0.3306920857579605,0.09551332331380716,0.743134451710556,0.7181922279246258,0.022955118148002572,0.0,0.4645930479739889,0.3215553099698625,0.4703203132079889,0.6510922356582014,0.4784120723722901,0.06846034557282311,0.7882573265363646,0.795865303505847,0.2757646358502127,0.6885652283554962,0.1952192427573061,0.4916173241282219
0.362083829328083,0.3291619066608755,0.3146147924053121,0.13964830661647984,0.7978895807236452,0.7271189757244503,0.004763506566823027,0.00044320298592417755,0.5125611373487711,0.3636326844733678,0.4939842487734397,0.6631464219023908,0.4857006948419872,0.07233342168595856,0.8360444712424869,0.8137008403904349,0.3135367530822201,0.6976229503595845,0.17450614990931168,0.47525490034250745
0.2779444681162316,0.2757098526180855,0.30974218341583465,0.10567882481012054,0.7603801675700312,0.7365183273349946,0.02420734227081774,0.009107869356339972,0.4995808031457178,0.3502821671250625,0.44784717378953603,0.6562853484360237,0.4738720914582696,0.09925907070745024,0.7755292855122913,0.8152043198233494,0.2783778130435177,0.710023241401369,0.2240338575173586,0.4969716786402715
0.3376057128140081,0.35900294596903287,0.3154493178562409,0.11442411197347063,0.7653838326700557,0.7744582228537168,0.050606691287088224,0.03684360262489708,0.48999541157090915,0.3621102730224833,0.47440774560190646,0.6712160014361189,0.4979745354802729,0.11049243445743945,0.885737792741746,0.7876557169687012,0.31647092239683944,0.656464405980563,0.2512911770182199,0.4857077437575141
0.38571366877429936,0.27560963820943934,0.3259423823035042,0.14958612606898686,0.6952240305577219,0.7058182858856806,0.004438104283345715,0.0,0.5265576896259788,0.3512881504486388,0.4774560123203511,0.6679912275347661,0.4678438003994068,0.025880101513617984,0.7897362065684191,0.7803718971261077,0.3003443916546112,0.7078822386074172,0.22325692186513263,0.4732331634935612
0.29028391024607936,0.319079063957171,0.2913837436938231,0.043625756499708276,0.7059622955198634,0.7263135373916619,0.0434362028654769,0.010461613179008414,0.5263704246367102,0.3614189138920774,0.4894563013985566,0.6296349219716455,0.47728797520198235,0.1315936435757141,0.8058796913715423,0.8080618996495803,0.3266727712371965,0.7061827637466959,0.18886424146215422,0.5027833692346524
0.30301106811191686,0.2873717244994193,0.3372864338933774,0.17273209299410677,0.8399362509175656,0.7392864823525306,0.049961952669755685,0.02249807189308086,0.47160527612034714,0.33371194358013617,0.4255509171801612,0.6282807365851659,0.4957198562540626,0.08516506078555068,0.7454758767767363,0.8006608659991281,0.3228290915664254,0.7012430181217145,0.17169590526775533,0.48579435925697845
0.3229895409526292,0.30807584960221024,0.3293076263088249,0.12290722097317365,0.7132399482618377,0.7474798978759394,0.00367690021943912,0.013868971499835922,0.49453518248426226,0.3614097217215938,0.4833228122615666,0.6359750091119185,0.5034593539832853,0.06004757546805472,0.8114888138070112,0.7796416466092995,0.32870130824004223,0.6970137315625664,0.20433882901368633,0.4875057166629345
0.304895730376514,0.31986287230910443,0.3293637145141587,0.10354027421751279,0.8328104126028648,0.7448913587353961,0.0,0.036197303388670686,0.508436350477522,0.3698882905641517,0.45700517089264214,0.6695227738013384,0.4695248141794663,0.12823199654355794,0.7208272082058922,0.7275248571310228,0.3292163743657822,0.6486776122813517,0.22619507877144765,0.5030685476077078
0.273480097068016,0.31964071646350817,0.32376951477619453,0.11643063383114204,0.7378469400559566,0.7618002887611289,0.026039218003435293,0.008513093404829515,0.49180979755932247,0.37441101207862465,0.48648691422389845,0.6184738200645751,0.5191936796391177,0.09929146061744631,0.8277479182005258,0.7712830511066702,0.30287261667976395,0.6912029347379919,0.1883884092129882,0.4693365080927533
0.3220568892441808,0.32265762262705855,0.3153923331538798,0.11849717420082075,0.7501143968071752,0.7821919754820869,0.00905184954466254,0.0063089711562810975,0.5175506399686339,0.390271085892974,0.45927341606323674,0.6578951477821599,0.4862648338738723,0.13648497330346762,0.8289771270494165,0.7441379934517017,0.2768241386715079,0.7357887742215474,0.1912885102504761,0.46516860699497753
0.28813088858821684,0.3584113380717594,0.3284572247193364,0.05075194786220298,0.8035182580114965,0.7596317057825483,0.05737206438326005,0.021846590940266867,0.5084357605373082,0.3548819688700477,0.4628903460814884,0.6572508618218592,0.45914143476382524,0.11313856788939267,0.8543716569734604,0.763313617997347,0.2789495389000524,0.7002580259113661,0.28466000749515197,0.5134174438900386
0.33420777291905546,0.3236060290454194,0.32683628267482756,0.17979752909812943,0.8135946210969328,0.7626792761754609,0.020696150809996646,0.011986276299026993,0.5549768372106804,0.35547822173694354,0.4745274477921346,0.6732529611737239,0.48738104097179935,0.09995456491155863,0.7592012512492925,0.7913289295406785,0.25826302941368123,0.6938542032265056,0.2323595583787918,0.46138332798551834
0.2924172729729859,0.30267530094128053,0.30791918578117955,0.12165302529082474,0.7444593719860456,0.6608888416626761,0.003956011839296416,0.0021918252343905795,0.4540916259221064,0.31953655071652304,0.4589534106079361,0.6536067738132778,0.47234001571033085,0.09541810165059532,0.8064224847318968,0.8043494457598647,0.2783266833314381,0.7003381239118022,0.23450386035180898,0.4804664460938529
0.3664980321505262,0.33892261504865073,0.303527964542062,0.137720085217895,0.730587847323923,0.7425113849582841,0.0,0.020322880791727595,0.4963269203075781,0.33937177197723145,0.4704893110652929,0.623135812188322,0.4886813697436635,0.11448138281668414,0.8225526623754602,0.8612181100516962,0.301376473154093,0.7070954573725601,0.15619142281823564,0.46400320929223127
0.2965024012299129,0.3456841146677392,0.31703712590523975,0.1580619908229617,0.7472039775738893,0.7639753774000804,0.04179809918181661,0.0,0.47274492465463425,0.34613835851986774,0.4561324846291337,0.6308129007870376,0.4791428750467932,0.0875940622357201,0.8176912655332125,0.7685037448438475,0.28880691638349676,0.7131764048937892,0.1787843396211962,0.49027727066302335
0.31033815451382973,0.27317176554589023,0.34598040302990374,0.07915350169758799,0.7668978764116059,0.7764470597285225,0.00857632051831627,0.0,0.5181232236631713,0.3710063910455271,0.4433365909660254,0.6263600895620435,0.48148547380380285,0.07442282233760503,0.765388028994606,0.820985025411006,0.296397287911803,0.6954223967368411,0.20224044918362719,0.5085611749530233
0.3444055165210901,0.3279220020954957,0.290217858486922,0.13893887596140914,0.7945651843434878,0.7053824612883103,0.020876575989208567,0.0,0.45148484329863364,0.3377799775182074,0.5003591410485871,0.6392411206733373,0.4617681324682771,0.11829727367963933,0.7043207244177544,0.8022384009775135,0.309854308389228,0.7084983920478737,0.16996587326344553,0.5022467589746475
0.28307407050698136,0.33103518226932693,0.2856494946849512,0.10929435636404825,0.7502114929497076,0.7070480362555678,0.03911605490224962,0.03706138320332815,0.5103893813067466,0.3659268003949766,0.4540790261435214,0.6463419686515215,0.4998012246143272,0.09566536475666712,0.8138784118753792,0.8418399068255916,0.2939186948386848,0.7335330160552271,0.24801191896667885,0.5478374677891457
0.3268237980381239,0.30107309489920026,0.31829521682473033,0.15387083100865975,0.7809443149011577,0.7112949662358201,0.010314832961383396,0.0,0.4810985470595498,0.3499675656607324,0.4764263822478403,0.6266911694755789,0.4568774526569793,0.10100702944207018,0.7939000128676033,0.8130491487838251,0.2775634239917483,0.7201250159886543,0.24230936919771937,0.52173831235578
0.3592142826284728,0.35127120439934856,0.31601775403712035,0.03491090318594017,0.8319179866135471,0.7668206949945672,0.019081423425196788,0.017911976695258847,0.4779751440163696,0.34645663769770474,0.49505782162987566,0.6794132398130458,0.45782470209190007,0.13268139508463822,0.7773331762815424,0.7496607429085473,0.29893532664873135,0.7468060043171395,0.1839936398784784,0.481376842996868
0.27177550296316316,0.3054983323890242,0.31846683328740816,0.11603622799034924,0.7690654806132392,0.7916940527462104,0.019668631803549597,0.010685436284004445,0.45660505389377937,0.3549778793826651,0.4677011179496791,0.6234943725609512,0.4873472069829497,0.09658370176792777,0.8305578145486187,0.7210781588283508,0.28203019026454307,0.6868645928329656,0.2535175581982245,0.4760588999034718
0.3255390157559691,0.3137672936041463,0.31987906395817,0.09588717376864153,0.7655826428002389,0.7196269946354199,0.03366649023032184,0.0,0.4860477216139698,0.3421768725549431,0.4634966820050892,0.6769220684772497,0.5120568849435594,0.10045101776625372,0.7982032184738227,0.8024504679867003,0.2945842700604187,0.7335237901500402,0.19987243709840175,0.55413375881951
0.3277964838274527,0.3048078452714839,0.3105359549073039,0.1372905180253662,0.6740544587454966,0.7853981156813524,0.03181488671020652,0.016194535582720045,0.5325350159087278,0.3414192550381467,0.4845247617733484,0.6737032606287868,0.47294813805871183,0.08201051465647205,0.7472321978892881,0.7688619600839844,0.32685553928846006,0.684186527201548,0.2776816915216715,0.5212514401146673
0.3434546861533193,0.310467371427444,0.34479726877204164,0.13880176749472808,0.6184634931585469,0.7461739904582297,0.015597725374903431,0.01951503983663064,0.4992443394941156,0.31590428188419767,0.502358676454543,0.6679660509937807,0.4940194464540793,0.11292219801945552,0.7227419084361512,0.7507874501619761,0.2945898939180765,0.7070713229348092,0.2043405839157511,0.5117873921453915
0.28289147867365755,0.2771117473931439,0.2829819204304697,0.09169496420711895,0.7694187864615084,0.7337857111418782,0.021272981229930356,0.021792784627148003,0.5188304125362342,0.3450409158534422,0.4566136946982706,0.636124667850065,0.5014668035372709,0.11049483738040264,0.7548414693946734,0.739296891818677,0.3354191510669549,0.714649530584762,0.21728578250985267,0.5014970362443124
0.2803863016074717,0.2667984735221712,0.2984300595043951,0.09151304543295825,0.7452587884359564,0.7294307885091016,0.012564419769530231,0.0,0.5499392546589883,0.34040063707702545,0.4769970433596512,0.6568490175835381,0.49629368874588137,0.12702325395371675,0.8957204917906715,0.7964390199034863,0.3286327197387594,0.6897844561619105,0.24199710323508677,0.5054704313495003
0.33565824696850693,0.3578351518967492,0.3129349047970191,0.11557338525770681,0.7242608662542629,0.7773305682301078,0.0,0.037327788237088766,0.5079126675446772,0.3396803802130184,0.44535010810065345,0.6244525773289876,0.47377583421652636,0.08262613488979373,0.828911070957311,0.8503083079725346,0.28841389382841914,0.7017592855494855,0.23832900049423428,0.4703585344903515
0.3289095401969956,0.28459115955045017,0.28213622377691666,0.08413431090739167,0.7621765102093172,0.7562788908393535,0.02515201714796259,0.0,0.4832360128381298,0.35833746125180077,0.4721359799263562,0.668218140700675,0.4581790656561185,0.08626549091229443,0.8075444936790005,0.7736531061717584,0.2777775246716845,0.7182092220490368,0.21532196198407683,0.5031407834039353
0.3275147855103763,0.2802582295163108,0.3114829119113586,0.15367934781808507,0.7469798135401546,0.8537912713823819,0.05784383521666135,0.023731354935063523,0.5140175664554837,0.36317263905581015,0.4806840936907615,0.6485203043692747,0.43584904868657287,0.12376412197436408,0.7927335629125678,0.8136108124430129,0.29894891676159613,0.6857945820337618,0.19576579041668493,0.5014246279491803
0.3303934462849093,0.24539829659188855,0.34822940331456037,0.10523171198210216,0.8063890125316949,0.6973887678501338,0.0023256171861787446,0.02482147561364572,0.48367111561057125,0.3546438900928465,0.46290750716489865,0.6418135957082663,0.4747431900107521,0.10756639010088591,0.7901042824021026,0.7859093459912964,0.32306655526793776,0.7333876691909529,0.2154239809997936,0.4819172231379704
0.2995992583526453,0.29083114756931494,0.31541772976591925,0.003720471227134342,0.7543055434129489,0.7659050851014988,0.004539405807945939,0.0,0.4848673195010849,0.3699083038089895,0.47086016332349534,0.6255251030668746,0.5035617473712435,0.07281345621421917,0.8466878393343639,0.7384247164358643,0.29019618187542623,0.672308067505453,0.17551447484371657,0.48922947092863045
0.3269676109148301,0.27030730619777504,0.3196140181143737,0.10500711773512775,0.7126538357464917,0.7135399495094243,0.0025854445671251725,0.023209199047031007,0.45440321601143047,0.36151123851660727,0.451835464633851,0.6004498776274196,0.4575166803047613,0.13919662203203503,0.7803761703238628,0.8193924537404167,0.3181618059652428,0.7387938288545677,0.2045640115659235,0.5303035278688711
0.32879217419896045,0.3592604548040911,0.2897967046965484,0.0784582471662411,0.7995083119479645,0.6965356506505678,0.03449183557446245,0.0022901351817528363,0.5277877247325318,0.3440988762038871,0.48154157222762983,0.6292291828592849,0.4940041969503753,0.04904648294799248,0.8230768164273717,0.7462123182389052,0.32416879978272173,0.7200265226959918,0.16672077402506016,0.49749650159410275
0.298569457459209,0.340294512680279,0.30267277183921043,0.05474896738156218,0.7391434462526899,0.7394566431482514,0.028969709083928805,0.0,0.4884199227305168,0.34074287428571237,0.501113884977663,0.6722559639122582,0.4609969493989625,0.12352854259791256,0.7860628819883363,0.7908650652237427,0.28451948699274787,0.6982054884734444,0.14657355079759096,0.5414234260506622
0.3759732353343427,0.2893554896446683,0.3074960723935213,0.0705029344710971,0.7763268341836154,0.7468676239703518,0.016829246151670866,0.03335483851055558,0.5054629473744758,0.3562564447353369,0.4580571226045907,0.641943331430504,0.4821214515277367,0.06204363892005411,0.8776062652734026,0.7763391833997878,0.28647897823422824,0.6919466357752653,0.2015128029241833,0.46518641127025234
0.33421498762735363,0.37757307416032926,0.3086456980648753,0.1243763388733188,0.72612946469036,0.8859086777530046,0.001639618767220699,0.0,0.4689211421418008,0.361475342198038,0.46754656466895234,0.6466134228576991,0.49415583228310034,0.1565736554945658,0.8296915403031322,0.8257230973826277,0.3142532406425401,0.6898594347441794,0.23786833672015018,0.48955739627548506
0.28426089508392055,0.33945296460974783,0.3406328759000754,0.17314563312992926,0.7175086557251282,0.7307927092158399,0.021847535832798488,0.0,0.5130784288914642,0.37795688614062994,0.49005092492908364,0.663111087165769,0.4668100912632314,0.05366200819283131,0.8498222725873451,0.7476739603011726,0.3030369509928314,0.6972840871948597,0.22777413924788179,0.4690544289750616
0.3396966082590149,0.3002550584947413,0.3261538212145025,0.1325273789545992,0.7542084115092849,0.6834910635257658,0.0,0.0019386826392655578,0.4771417628559475,0.3738234608988019,0.5042418143864547,0.6861133775623254,0.48340969361393826,0.13456751955618246,0.7766236090124705,0.8056347963120785,0.2862787694691264,0.6990300827690235,0.19754263112823175,0.4758115509221633
0.29075954989318037,0.2350178285537928,0.2927708408612594,0.09573986447137041,0.7506414321771843,0.7536505358747193,0.022868531337149865,0.015444734506547762,0.4957487383489453,0.3391705398698566,0.45013620375582136,0.6765000930989128,0.4716981732654934,0.09755096919966269,0.8423254445026969,0.756408103706052,0.29295639103760823,0.7251045249326916,0.2524096909452649,0.4834358858868141
0.34361253811227355,0.37872827717772223,0.3199300955686401,0.1382361678068281,0.7739913517683417,0.6362679981226815,0.03743048772175868,0.008854591783557955,0.5263347809371738,0.34795987439745474,0.476624305251681,0.6305532999236763,0.4941029731787635,0.08900192290483769,0.7874969029842124,0.7695557915068486,0.2985896089454516,0.7393730820076916,0.1829281582746028,0.5063061925354119
0.35475786737022214,0.2683128259970921,0.3249644349699357,0.10163638759124033,0.7365677123345129,0.7354021608697867,0.0,0.02096133849414341,0.5237227793669759,0.3634203560983554,0.48566261644639047,0.6111485885712519,0.4847063433696927,0.10556189969403285,0.804401392957314,0.6445919908983959,0.26870291150089076,0.7039875984130801,0.14246502014605933,0.5053365234216077
0.2953795304494487,0.2606380375912932,0.3378029807704253,0.09221598523347421,0.6581820108114801,0.740801264114758,0.0,0.0,0.49933909782449176,0.3713599555611794,0.477958872187423,0.697192285182002,0.48113015348858534,0.1189570101747344,0.8654019068247784,0.8736839428647164,0.31531286212965387,0.6830874302402119,0.13453696117397115,0.48641419360744786
0.34890128387732966,0.3406771129602892,0.3466108137313675,0.07382549327068061,0.7283613058205806,0.7797300191472606,0.051588757833897186,0.0,0.4469560690187985,0.3687793893740958,0.43046415866245824,0.6953798322331891,0.5111669992028396,0.07286798493007392,0.7582889977297432,0.8120222773130493,0.29042615622121615,0.689085479187276,0.1645642717821285,0.45544400885326836
0.33238342780809493,0.38319257219017816,0.29469811616344266,0.04992684772993122,0.7896909233571908,0.7886811124713924,0.007764807209908303,0.007680058553569329,0.5897843171018192,0.34872244334337305,0.4900218001861754,0.6537690719285857,0.493246122847366,0.07552636824494284,0.8081299092522161,0.7593061005624735,0.244325675524038,0.6963381843077743,0.22449874229786687,0.5295538574606431
0.3446618047998347,0.35152818455531554,0.2987828497757932,0.10440305173762218,0.7351311960378447,0.7148215190546141,0.042718956918876436,0.04795774585317412,0.5523757691081941,0.32491954695142966,0.5103867270218129,0.6245902350883636,0.4661929626774742,0.11948814595338658,0.8175202103407491,0.7450137724666803,0.29952258063381093,0.6793975578940644,0.18095591949597842,0.49428470567927285
0.37690378947961845,0.3269172736015708,0.2898484428217077,0.12632213959680527,0.7376808298742726,0.7324692992685033,0.016920046696043366,0.007723749231724839,0.521680244746649,0.33002127247508817,0.48233323502339004,0.6692645306778788,0.47828272198404476,0.04877971139051201,0.8208001752320324,0.7701740498848264,0.2851685748221298,0.6764211719578523,0.21382875925571906,0.4776741965939772
0.3126383565199139,0.3278426302499586,0.31031960281786036,0.11613505319940441,0.7993188252952969,0.7016939584694665,0.01676090366117345,0.03170444527323263,0.4774038865522709,0.3554526702863883,0.4593778789341147,0.6478403262797479,0.47848202429840675,0.08247312720423744,0.7819686202762615,0.8186751813927781,0.33377644384605354,0.7419425442474605,0.24938850150751932,0.5054986156214017
0.2973879150692753,0.3356024667634092,0.3243271674889267,0.10336132288210564,0.7144013386370539,0.6835968722596153,0.028768253989932907,0.010771103375686354,0.4965922351489411,0.3568445115884869,0.4697374550727143,0.6477403775378678,0.4816063914525042,0.19122060862478324,0.8834505640323234,0.714316602976603,0.2882910995816006,0.706052270518925,0.16699709112266584,0.5040889034104635
0.2933145671112343,0.33276785769360295,0.33474669033178206,0.08217015757212875,0.6728598390878551,0.7554947389690317,0.0023200228650711863,0.00032682725124862956,0.4836973871067045,0.32802641253131226,0.5153982613531118,0.6678891768621026,0.5304901855321499,0.07095961106232158,0.7482027245863896,0.7843366232282265,0.2780471327284278,0.683337337326393,0.2143549919538767,0.4935464707000007
0.29552569145103685,0.31843574271908126,0.31348097952714954,0.14432984766739873,0.7419684440237253,0.6763207225701701,0.022649942869912912,0.005065511517711189,0.5379156781728917,0.3508913922177854,0.49819925081721117,0.656687494937466,0.4874170378542199,0.1344340837527926,0.8583554155452988,0.860825674898507,0.3101586533992403,0.7163320714071542,0.21616889217967167,0.5029706203128301
0.31768694871757686,0.3131260331185563,0.30860304953490314,0.0673147232021366,0.7257913024375632,0.7192686549714068,0.012370211703518146,0.006631605759422377,0.507875086725555,0.3626244871394356,0.49280053236768656,0.6262837017797012,0.4392819485979045,0.08242147693858565,0.8486026242236656,0.7446421465612879,0.28679105263984833,0.6764330775038631,0.1741778603458069,0.47689940319183965
0.33023455924449935,0.30812220616301433,0.3180351598449748,0.151041116553739,0.7016876840123373,0.6902413020050381,0.0,0.02207291477921477,0.47647508424920504,0.3269754668498571,0.4871282516706875,0.6435051612983606,0.4691440205656607,0.11527135434391432,0.8760355515841475,0.7932154015505463,0.28441087597495535,0.6780797590425789,0.2406263277573525,0.5151982568635297
0.32830072397990057,0.28738106233399974,0.29829714196739954,0.079911319242931,0.7412310772050654,0.767484159314513,0.026749641494527982,0.03749222535153109,0.48587734702625657,0.37209994403608826,0.4667772577561805,0.6632230585732269,0.4413525582500838,0.11963067071788652,0.7364709160516872,0.8781323926103104,0.3101900276564881,0.683939151978715,0.19136878833351573,0.4800626581048626
0.3448154974710807,0.30157974769399676,0.35679077443389545,0.0899025905058786,0.7745752823623392,0.8300715049633244,0.014733843862441677,0.017193616953726423,0.5336356442770971,0.34244937702880346,0.47598857638688463,0.6602050444481004,0.47340403485908317,0.13386870205548843,0.7652467404844117,0.8152860651876309,0.27919065384220865,0.7330902656173006,0.18848741057260973,0.4878886068939314
0.3203900567563372,0.2592112955741384,0.2828467794576388,0.061328592375372915,0.7495355719216092,0.6749206008598334,0.016859503431105843,0.03374155357483511,0.5480029354046143,0.375152262251533,0.4784415452864297,0.6552403314871695,0.4402537954054714,0.09399238519561673,0.8596777223664657,0.7950369528194182,0.2708545268360109,0.6949423986844325,0.26334839655253917,0.5129760363230315
0.3636060223147195,0.3070498111961575,0.3186948115779145,0.09994391412457453,0.7653490536343119,0.6473490758551215,0.0,0.0,0.5458499469045873,0.33933095108448197,0.49099148632128886,0.6686684590895173,0.4625681905786314,0.1596665391626456,0.7249184338147877,0.8102654581963602,0.3345199600418867,0.6511658602619502,0.21568300227100157,0.5240791793002046
0.3120602950028613,0.28034226678547247,0.3554721243845928,0.15901249833911915,0.8406703849257712,0.7337556557324966,0.051828007355256084,0.001707389823719388,0.5227109619516194,0.32946749034231637,0.510178377885338,0.6427656602436548,0.4495855694073176,0.08231990306244459,0.7357416439583835,0.7739653865996119,0.3115899747520129,0.7242013186635118,0.22775871649056495,0.5317154913609268
0.40160507499768855,0.27689232048352685,0.3151359968912,0.14062512353775825,0.7328560569221217,0.7407848897978879,0.03753428372772232,0.0,0.4924212539359209,0.34083726020316557,0.5023667627358626,0.6535733955043814,0.4876832035593495,0.1070266124079868,0.7804676885315404,0.8419852514121376,0.2947158143001127,0.6938723727167528,0.24064678794565517,0.5211159647693314
0.3387700204329502,0.3153968245346043,0.31119921929997013,0.1591368844811214,0.7639174317322335,0.7509329653378649,0.039283117683439575,0.016288891817497052,0.4027545852401264,0.34809703753845356,0.45161231288407916,0.582488417996448,0.48001078725257756,0.10735830796652823,0.8076797515448908,0.7740267990839915,0.2999304558059613,0.6630118398824318,0.1804857800162235,0.49351855632396435
0.29428527330751153,0.351760068590338,0.3078510915437915,0.14088570183735744,0.7245393318700433,0.7176839742382828,0.013891105951166362,0.0028208322964117247,0.5089148007142467,0.3422304018645704,0.48447989937802094,0.6410069961231437,0.4860592461499746,0.06634095640151755,0.8636890029459511,0.711632735650561,0.3101172871623231,0.6936663302407318,0.23749463291161038,0.46917933861799077
0.28787322505816665,0.3375494981800694,0.31139216636475187,0.07585320685878522,0.7076820140056513,0.7299680350587284,0.0,0.02459545874068391,0.499945137234677,0.3456799715685377,0.4947352669033579,0.6652780581715129,0.47790897222862944,0.09142383235062639,0.7925893634027857,0.7743478758423816,0.3194667489922684,0.710420077932098,0.18494317655006992,0.5281011117120579
0.33447417245729555,0.2628849818913047,0.3424569694935306,0.1067684310268977,0.7207546173291115,0.7583755205270301,0.05905834764979022,0.0,0.5041994628896406,0.3566793029935238,0.4923772066028927,0.6421921106576571,0.4521140449959116,0.10484540497715222,0.7756704340774184,0.7513306188049319,0.28488049417369976,0.7080809833306594,0.1836612983198511,0.5274139197780995
0.3132961164402245,0.28031115590288985,0.27076276177340985,0.08879203483530149,0.7260620714239155,0.792021544632242,0.018778049839882637,0.01086061946642563,0.5016169204109961,0.346576412604072,0.4674153247322516,0.6406754521656578,0.4902704273850947,0.08703636870611742,0.8124555975078571,0.7787522395121028,0.30732293051931364,0.7359682995832963,0.19184000083075592,0.4865604769329301
0.34142001482276274,0.33822313563964645,0.3456686740259265,0.17322299616156162,0.7679737898773563,0.6422475614840859,0.005024004079598925,0.023737158220245122,0.4602121351415253,0.34867775212095986,0.5382821843153672,0.6291709409645037,0.518444491205389,0.17322771896369604,0.8187838593317761,0.7796366376367748,0.28986591647579524,0.6829446427486013,0.18133805495165137,0.5184237807564912
0.33419712873720636,0.2805253781938507,0.2865208569509971,0.07212845414294752,0.8674537893350379,0.7215530280484269,0.02833603148966228,0.0,0.5167222567055356,0.31581547201594806,0.4544583087533776,0.670067317854583,0.4881842515721309,0.07484128979201408,0.8176495928868109,0.8378969279921963,0.2962203751097475,0.7009344024052994,0.2246646929797149,0.49335644412138524
0.3178151326202938,0.3032610055000893,0.3096669534153117,0.15574790757556445,0.714197828186208,0.7506904396970532,0.04334241576006595,0.05243262614660407,0.5189664894209555,0.3578339603202094,0.458336231066679,0.6609692654708115,0.4714815080136487,0.13538273404421283,0.7928805516819463,0.8178117090665754,0.30321385734929807,0.6860086144284315,0.2080163196543517,0.5300255376702345
0.2945961884579479,0.32650156297073657,0.3064151115940268,0.15571815480435075,0.7291687347192268,0.6941011947694632,0.019538988878290676,0.0043369623024024865,0.5204701634617898,0.34821593404616663,0.4846719016252315,0.6665082919564618,0.45143865647789105,0.1256937943944636,0.721796555443274,0.8005306195030159,0.29986642853894657,0.6691561421162555,0.18526326756148662,0.48970270675192434
0.27455458325942406,0.28094966635409097,0.3267710653954144,0.19318480806864347,0.7468438493444376,0.826558481588365,0.045571503358787485,0.0,0.5283973101072016,0.3822058596096574,0.5223360610992771,0.6154757207608422,0.46183866058480066,0.09958413596487187,0.7632953604357468,0.7898821835466963,0.31471133796605144,0.7177105474461191,0.22023515099464466,0.5395730257509701
0.30660455143798937,0.3131612651843788,0.28303751296232504,0.1036125362948201,0.7697899424354874,0.7082295059885632,0.04165999877033737,0.01316187797153572,0.5181215493476486,0.3312086966549208,0.4632761029859166,0.6467909991346873,0.4890607931314412,0.0740437283844326,0.8568108434106986,0.7476456796456803,0.30974173118231185,0.7092653913829503,0.19174452687840962,0.5157224109519649
0.3456919638297042,0.26997923515245387,0.32424345332163884,0.14849288638320648,0.7631775405977392,0.7379353656496358,0.0,0.01066886935946302,0.48769911765383267,0.3138340934300097,0.47468343268706015,0.6443977798449999,0.5014623605359875,0.0769523403882469,0.8074827575190641,0.7027529904933729,0.2698366158125564,0.705673568993977,0.1901578888890597,0.5359508968937198
0.32642281232390613,0.2919589706814636,0.35548619246573704,0.2112660734615537,0.8142047896974058,0.7678011048421145,0.006524197886810473,0.00836211240855014,0.49787489456251727,0.3623613698786008,0.5015458734603139,0.644388565868029,0.4852173234944395,0.08446098102350472,0.7870991152357177,0.7945264004557113,0.27284353585869114,0.7085358038651729,0.20146051654704633,0.4907240546070024
0.2826278366386404,0.3195934580242761,0.2877365199081438,0.09529433292265213,0.6286803964732396,0.7104357605599053,0.03915074326559535,0.029823822258533327,0.5027337460176013,0.35693054036626,0.47964275690224534,0.6376794491256409,0.49599774579411965,0.046427761541612114,0.844726741934959,0.8217856481429464,0.2926056663048141,0.6862905429462316,0.21390381066998654,0.5081005920888838
0.32519542777553545,0.26221018799404994,0.3187941233522079,0.058598390098705606,0.6306535064902163,0.6476713476097791,0.0,0.02494889942854112,0.5032309834731985,0.32983133958937705,0.47330792290939405,0.6430779145643997,0.49415356488054485,0.0698960372260213,0.7547953347052421,0.7856666446702165,0.3365725052488365,0.6798860982536361,0.2116954294813226,0.4806144160331127
0.3315595213918651,0.32321424213881195,0.30176035644406785,0.044799598643689445,0.7252060913994925,0.7185672736541733,0.017010886136700223,0.015957523820476903,0.5299465296791519,0.3194050208999181,0.4913126580377344,0.6669928956541331,0.49013068782771835,0.05552570453909073,0.7909860746514797,0.768605827088532,0.28296816334996794,0.7007529474433871,0.1891025245324151,0.516879785042384
0.293484276913966,0.3094108660321996,0.3235177441238607,0.14850848115445325,0.8048650093771854,0.7914720277963521,0.0,0.019003112678932954,0.5193100625906747,0.3807479346136858,0.48545035980459184,0.6117429729330435,0.4668305280947749,0.1403762500953315,0.8055103362069616,0.8085800866085685,0.2958355458077449,0.7232242280482323,0.22541333622318208,0.5179808306567425
0.3246117531783658,0.3265746986325144,0.315382955548315,0.044673991677656635,0.6717175984197201,0.723155243660743,0.010468923971329506,0.00791283101123827,0.5623203031870986,0.3782822078121356,0.5006087757127358,0.6855458953606091,0.483478470239503,0.11855387177164656,0.7823448998682149,0.7866667119750261,0.28927307946086955,0.7321615427090709,0.19332817546761033,0.5479404783640237
0.32174626155338,0.31671742402193986,0.30217026181911383,0.10510723788248308,0.5996183830153121,0.6976782849270511,0.014023598219415918,0.04550981698480097,0.5661940693965402,0.3002508648258774,0.5058293777813072,0.6596768225005293,0.4630324439223572,0.12357922296596383,0.804030512916064,0.8574297676789585,0.2889191123182384,0.7159086541361486,0.18035046534173843,0.5096407959443929
0.2857108910650813,0.3509242128992153,0.3247574456974215,0.13749252748155844,0.7785589703109604,0.7862836104751361,0.01283511244184984,0.0,0.5023894874784177,0.34083553941486994,0.4861400612001072,0.6491533620867957,0.480348579059162,0.11766495854625844,0.7924922427431295,0.8393091336827314,0.3035647948781011,0.7005834885353619,0.15595935053697946,0.5144818840501219
0.3307336208104485,0.31375673507943724,0.3510869621957349,0.12740702147319655,0.7621828611851357,0.7234612551988474,0.00895477495774783,0.012793033484317932,0.38490033354621894,0.383283841095678,0.4858346545075662,0.6681366829274585,0.4866172706213382,0.1050090287000249,0.744026278088565,0.8283803222809332,0.328015545523913,0.7053956785879987,0.22949535442997065,0.4905833924699244
0.336823535791047,0.2971178337662424,0.31118192416545404,0.1370177945673669,0.6954895796600286,0.7144919593174891,0.0,0.011300492623775603,0.537104973983818,0.3404787488444426,0.48428221964572266,0.6209633050966313,0.513575676147737,0.14382040996387413,0.8072591152751623,0.8203093645683962,0.30911936799761175,0.7002318771865074,0.20037170228582024,0.5108275874527047
0.35249153729525834,0.3136689250909685,0.32939515884296366,0.12889159423203417,0.7007230199639535,0.7474728044831654,0.06583822533637372,0.02626560812129186,0.48378870983038835,0.34018775531946693,0.4897826111329857,0.6367059818969797,0.45380536051264736,0.08167712032804789,0.7468659283394854,0.7383933034219418,0.28392938077145813,0.6794811332060114,0.20632617075531545,0.49240217582624835
0.3516140615610471,0.3262989408710916,0.2891345408425767,0.1711546325325357,0.7015128140182663,0.7785375104809393,0.05734924008322702,0.0,0.4759554823450698,0.34434481344741263,0.48110341275742924,0.6475784913521889,0.48963015261982606,0.10320008966101135,0.8066246050038689,0.816519748082104,0.3550645902160641,0.7004929475642108,0.23137408747098548,0.50231721517684
0.2786699189612873,0.31146580210977115,0.2958712724636398,0.08190734477044812,0.755526765873697,0.8590856765866273,0.0,0.0,0.488046641750319,0.3275820605246368,0.4799878303535542,0.6773112074086436,0.5096247318324719,0.1224117648347237,0.8549654329660045,0.8050530383058631,0.3015714644192225,0.6733034636482301,0.18567781305206554,0.5034903132309159
0.29186524880254633,0.31121775073611646,0.32444812555760755,0.09292019446165875,0.7186842361908496,0.7813618053828711,0.05164233502607135,0.013136460321963864,0.4866007085955618,0.3159044851154391,0.5039325424165448,0.6490700683774688,0.4951769553167759,0.060363723044316135,0.7887590721089579,0.8142569891356466,0.28845558087235773,0.6975184554779391,0.15876802254577616,0.4929539025330166
0.3354510580162598,0.2889402493657973,0.3446823205707193,0.08909362218916704,0.774703195948776,0.7979919983194173,0.012010690190542942,0.015624609844372084,0.5183680943031618,0.371050946214695,0.5103223236071008,0.6590010934237029,0.4966589088565008,0.19289766688427648,0.7531406748011606,0.8097043794725222,0.3282419274935518,0.7327221022119264,0.20209342106645656,0.5012589019308399
0.33541357852736625,0.29011297247347156,0.3221122669757132,0.1532076724745044,0.6072686668547804,0.7147016900506072,0.02258374946663421,0.03979198818895298,0.45321692662621327,0.3131412618750465,0.4498489411073316,0.6382084200812774,0.49175389803735625,0.1008569728833276,0.7949204874718008,0.8081105035139227,0.29061858764112364,0.716457184455667,0.20923884656240888,0.49249409660573157
0.3354514305891814,0.2679218418460092,0.3087388393895369,0.15601594353580253,0.70715740674361,0.6887065947015262,0.018734520802061682,0.0,0.46766837762625196,0.3549454290421751,0.48020042303481136,0.6597368413793498,0.5059666897955083,0.10425968351726779,0.7667211556768588,0.8980346587819839,0.33325827309974887,0.6815376163152693,0.19211452801518883,0.4924053774993232
0.4355819447196416,0.36248730229560816,0.3149858281084671,0.13804901277274031,0.6936973019544475,0.7431165674809561,0.006805027174920684,0.0330938753343344,0.5102947566259225,0.367731589855153,0.46622611133109526,0.6835447918594891,0.4582504366377526,0.13770634095024764,0.8237803601052588,0.7869525732019232,0.28258714418066666,0.6985514186071543,0.2442121273422851,0.5215332930300455
0.337126715320795,0.27268410293826145,0.2899918453206056,0.16733974667559712,0.7371829660813753,0.7453584957629799,0.03967704687212294,0.057348287280542434,0.5186883209123992,0.3209754740219768,0.4737805706702785,0.6699105338334823,0.45228146668059505,0.12744865999030672,0.7940804500990859,0.8274534952331732,0.32860060777842737,0.6833124737649052,0.12541500296835933,0.5035082728365282
0.35406696920541797,0.2892128440661228,0.32709030652710736,0.07287836530494476,0.7230976120754931,0.6860743629317702,0.022517730611533157,0.0024447022495504575,0.5192462493480804,0.33151463194809855,0.4880503241947064,0.6483708802444424,0.47987331719069487,0.10114234058189378,0.868390530066583,0.7711604075894399,0.3040209532856339,0.6987497246364558,0.2336016991369935,0.5069413254440055
0.3486200529047961,0.2884477820329241,0.3326466612464682,0.18668896446204547,0.7898921889947883,0.7312352735047993,0.010468971535615173,0.0,0.47638891163200103,0.37426358376783175,0.49338876743084936,0.6635098169453094,0.4367767579285658,0.10390388314294127,0.8465195838270936,0.8216256633555069,0.32582104465404865,0.7208221563304912,0.22373460951092677,0.4708539046202893
0.33954173753917394,0.33684773130833323,0.3059581933433384,0.18092954486849033,0.6570331614169971,0.7599658800859566,0.0,0.0018605126725325764,0.4706520305220128,0.3606578344045408,0.47775747112777306,0.6615503390921442,0.5046129160835602,0.05487554407156064,0.7938767798207439,0.8275727956092982,0.3380353141740309,0.713060158766198,0.2137031233310138,0.5084691666366078
0.3105419226607896,0.30115150965123916,0.30559915704481,0.14942487988982986,0.7522745738165376,0.758019669750904,0.0021280997256175917,0.010280099347427615,0.48480095498636244,0.33765428586242224,0.44173319330554395,0.6601317534339456,0.5044143039099088,0.08330602666450072,0.8286243627189237,0.804577043085414,0.2773478541895749,0.7496828816149067,0.09992295351592713,0.5106084692795048
0.34276907661479805,0.347432262180212,0.32031756459304095,0.19127195635084238,0.7779168211605852,0.7652143926692136,0.0,0.02127575750013829,0.5071961825685417,0.3740449800672234,0.4606990883884764,0.6722390672172082,0.47133298889830944,0.11551630648476881,0.7842705436334863,0.8567698776950601,0.32551543641516645,0.7238495480501513,0.23851666349810807,0.49203322754622497
0.29681524356387284,0.28979528127268395,0.3062656052791881,0.05373507169288905,0.8428323718280978,0.7545482365068721,0.02024447096830339,0.0,0.5445643210781765,0.374130714469086,0.4979299934040033,0.6720895540767493,0.47258458806678977,0.1133167851712866,0.8013582754066068,0.7546289585455833,0.2718219219114919,0.7040800076215538,0.16920697668092347,0.5417005935252138
0.31289544179779977,0.31836982486671406,0.31367734770748357,0.09902207454949392,0.7259117014453262,0.7146495670364972,0.0,0.04110397068294684,0.4385768844268775,0.3553810538603141,0.42519147155930137,0.6474568280625024,0.47855305049698654,0.1366349725001226,0.7855426321459875,0.7705111623332711,0.2790563128950354,0.7135429994826659,0.18476924064849842,0.4542154547163187
0.3054390935651269,0.2849395884022073,0.3569944357833303,0.0905878615727219,0.7662229302176259,0.7143049686675579,0.014688789749629175,0.0,0.493378137291249,0.3319967954425267,0.50374854303364,0.6628375812295554,0.48104041300879236,0.09638496825330027,0.8306582383939884,0.7984952034409396,0.28393181080415125,0.6959511365163332,0.19488222005629793,0.515687342715411
0.3224562241815897,0.37435447383320164,0.31005948598508004,0.14885917295029372,0.6598068603718817,0.6800524301003061,0.047402037072207415,0.0,0.4600196467692439,0.3417310259305641,0.4904245998128908,0.6423381015768042,0.48254347838388567,0.05838140459707402,0.8573195310683832,0.825232274139369,0.31007273272355723,0.67744991505827,0.21222254103955926,0.5142560960990973
0.3894397570002053,0.2743720474291146,0.30783319695957556,0.07799437041591417,0.6304021897843488,0.8292387519592548,0.04398599145843171,0.03213420848574635,0.4504327196793953,0.3557277348791078,0.5063235216306005,0.6315385520736885,0.49116464213756605,0.13170191292327035,0.8319459282876458,0.7971771808517973,0.3006603175386972,0.7261155315657504,0.2191828412657765,0.5108316586399883
0.2639820442222476,0.3192946213068108,0.3020491638872968,0.15029980597349943,0.792238718789085,0.7406725182309647,0.019354462117947644,0.0,0.5290086993603444,0.34622810341705024,0.4760286162623808,0.6446101248859203,0.4765474729398304,0.1430826803854605,0.8368774640514143,0.8414303614604227,0.29665727831674327,0.7201798295386329,0.2267852166295789,0.5035242541127725
0.3405878057112354,0.32901330642796295,0.3298838394299987,0.17482144575986852,0.7497219853175965,0.7287573472102574,0.018258305477137002,0.005917404622545677,0.5163387372349801,0.368779143564697,0.4387718915195419,0.6484744369652083,0.49886386606955585,0.12694733718568688,0.8369213374894292,0.7635324051613472,0.3029247055804472,0.6951789157081206,0.2244756053023555,0.5110135864525007
0.27161852386431046,0.32241397292354496,0.31137551653563794,0.14780811600335997,0.8089256344899212,0.6935603959273771,0.057597490988420166,0.07235362258416095,0.5134830054784179,0.31940451839781325,0.48860725283012996,0.6167683802164402,0.48891895554250603,0.09509098987427526,0.8220502368933884,0.7443768604204578,0.31182579178586944,0.7054787147386267,0.2075878161263938,0.5173635095911179
0.305842044026317,0.30444137023366874,0.30201253923357146,0.13135004094646005,0.6813298555515126,0.886782895116389,0.030415122407174224,0.00975912894080137,0.5276307751919298,0.3201147294186752,0.5054930624807668,0.6672066511883344,0.4678607310825473,0.13133158155629737,0.7544285536315893,0.8023251334614602,0.31336496247882706,0.724818783747696,0.21247767977172774,0.4854822483233601
0.352668517909021,0.3061053790079972,0.34142608064546026,0.08048506636397003,0.7759951069764376,0.6863335983888552,0.013443870802469542,0.0,0.4856084330970159,0.35361742222964865,0.4984944361102684,0.5946534915479521,0.5067022533560819,0.2028673143402464,0.86803886077666,0.7869127889554521,0.3218833367123026,0.7169270285241204,0.1672773885253326,0.5059839124436017
0.32192840057286387,0.3113143441593733,0.34339206009027273,0.0861259613549854,0.8434408920271926,0.7185576037196963,0.0,0.008852050724264125,0.48702087450999415,0.3401691117238619,0.4667461703302393,0.7042963387897264,0.45283486027755027,0.10345456943321428,0.872176433067937,0.8117145488143288,0.3364006962553488,0.670737974975006,0.17746919579542936,0.4963336631595339
0.2876676566621208,0.30558993995114536,0.3029915286852259,0.16998475621186665,0.7709852804178633,0.760791841814303,0.027877464363294864,0.00898398422760933,0.5655719185016772,0.33745902770604513,0.4817352215092529,0.6800375826759264,0.47815668378357046,0.06064789923264627,0.7906448158674653,0.7889039083653399,0.29957275255117044,0.7048724004297965,0.22686380671024498,0.4781246319954898
0.29854088872220097,0.3389163735038473,0.2776692009727877,0.1511739601562133,0.7638290752795525,0.7700106482872139,0.03658647545165725,0.01321299880706233,0.4926028683722128,0.31463886561651205,0.4693432746244015,0.6447798255165538,0.49933834802150934,0.08241144851343545,0.7851720833913528,0.7763992083750617,0.28957822075738165,0.6966473694902326,0.22511628460186045,0.5143433994922658
0.3403879324680403,0.3763156900477405,0.33515027379673845,0.11843921922489824,0.7504278040412174,0.7878966027607842,0.007366969509727121,0.023245259643192392,0.5220539633916227,0.35039091689596363,0.46361467071621254,0.6501885272112755,0.4655385379017571,0.11876428000912154,0.8244964661166151,0.7870024971310511,0.31227072258370375,0.7222600139827736,0.22171398249333263,0.48871279150631936
0.2980890010484859,0.293275246449765,0.3013074034847999,0.10328361816936438,0.6714559271437044,0.8303804253884631,0.025824055102760653,0.0,0.5001914462288994,0.34894489783998467,0.499107771423597,0.6560594374717457,0.486191112935343,0.05185587067305812,0.8220325134073403,0.7911539557917274,0.2771149036747076,0.7206208547756532,0.18456749715030418,0.47004282650441065
0.32649375768745925,0.26890591061262764,0.3308125119832554,0.03896768507554492,0.8177786467855174,0.7653078827730356,0.01272853410169942,0.04375096110473588,0.44455224409764754,0.3630695796390348,0.45604935377469674,0.6382167922402212,0.49086679193998095,0.10508209224736209,0.7919221572498792,0.7778007480060668,0.28642591735776773,0.7263721565635608,0.22731476395831088,0.489217786785967
0.3213671551971144,0.30735153854946234,0.2755979236457633,0.07716590325262244,0.7194571180097467,0.6871984600016666,0.016319352016019945,0.014902285687452357,0.43866112988596195,0.3513781226624194,0.46212367138836774,0.6538523829517388,0.4627895226403752,0.11141009950947649,0.7499989737764958,0.7818747181470629,0.31998761892785577,0.6776421132255958,0.16516266642558927,0.4840220220381374
0.3004519895718255,0.38739128012962953,0.3328519467659862,0.19645676348558894,0.7752241628191509,0.7271527437439109,0.0,0.024535880928036075,0.4826304734018029,0.34734791843519003,0.45791948733055227,0.6471200004459668,0.47855044560811927,0.14605365219437955,0.8122280476299911,0.7738562665205236,0.29751743250364593,0.6843177693188752,0.23232079429586822,0.5205695801838022
0.3843183226797598,0.28588976296090807,0.29077656141438435,0.06878177715990133,0.6718482846714373,0.7553916186256943,0.01556437192567729,0.0,0.5316830375500997,0.3735400127358067,0.45019504953401906,0.6481145456553807,0.4768699233958158,0.13930584568162901,0.8220574615270219,0.8242666047947763,0.2758361508328392,0.7222816487227087,0.1921738759626233,0.5030638628111616
0.33901757066954036,0.359173504163322,0.3296152823813305,0.12757919284884323,0.691027016774611,0.8434113020752911,0.03938738604816108,0.03572764273991067,0.5236487496990802,0.323750653931029,0.48292828583685204,0.6536292212696128,0.4689652429633541,0.12593754375255314,0.8290328459215519,0.797760840180232,0.2702039386926965,0.688167083693151,0.250525112190219,0.5276476549137988
0.25924572240027177,0.3603310244222932,0.3152854613567287,0.16029775892780795,0.8217543699611117,0.6701097260787852,0.007371948888668836,0.004858951823738707,0.527422314926721,0.3607277843769515,0.5032300609696395,0.6237294440329202,0.5260334970410154,0.03511962968456413,0.8139717108941683,0.8802700988867507,0.3009743335878761,0.6695713403817138,0.15435673723803545,0.4866688753753391
0.32559362944308284,0.2933923527487602,0.2959212116120671,0.0698030932799083,0.7326348855521079,0.8001288252612614,0.021050527364306324,0.015551050269870635,0.47038861463191056,0.316577056704093,0.47630246487509464,0.650791394482673,0.4647378729310905,0.12763159384143777,0.7891553940655237,0.7964281820511385,0.3228379307393602,0.7106519297522813,0.2529021213775557,0.51748339743793
0.30014640605694837,0.32706949237555827,0.3068592737414644,0.12738841899124334,0.8226637738021272,0.7489957184773208,0.004880985866161591,0.0,0.5484761747036694,0.33323276239998384,0.44988504398871665,0.6532689549323496,0.5000986058813577,0.1211654015818074,0.8397600815802512,0.7679657011868536,0.3225709155506237,0.6890556311946805,0.18915607012509617,0.5567924582961583
0.34557300004388675,0.35885189869385614,0.328726369139134,0.1575166215004262,0.7460884670470741,0.781891526761474,0.027208833525855458,0.0,0.47105320099440845,0.3257468573475337,0.4967988907948405,0.6525769924271183,0.47214397966237714,0.1076783313123504,0.8026339399026368,0.8968270149945227,0.30221761005785674,0.735795815406168,0.18861562231964768,0.5071206493425428
0.296224377847019,0.2986261677703754,0.3171178890623047,0.12049997287629001,0.6579051113521072,0.7349002641682034,0.01566953604927653,0.023764106129057654,0.506384731960099,0.36563885070903834,0.5137140350806995,0.645683384891277,0.45826727622229435,0.04809333621563544,0.7814030794254112,0.8065450551085734,0.34017818838192254,0.7059236910797693,0.20584516456956792,0.517232977246463
0.31655790675599305,0.30389258919692913,0.3266882596094497,0.23473612222667073,0.794603379986586,0.6978783684936837,0.0012151691863598636,0.0011278633958522813,0.4996894313027679,0.3486917953280921,0.4670751535170681,0.6727571555193874,0.48205628486310137,0.0766967827243882,0.7927738647181712,0.8296049914757126,0.2979035926811907,0.7032051857328333,0.1790876326159791,0.5138703532845081
0.3351496183694137,0.2925495725815407,0.3545288116903097,0.05325602964487218,0.7205053841122196,0.7775436389700666,0.04665102935330256,0.0,0.4947837853905624,0.34972993510814043,0.4704289146656456,0.642926948902369,0.49298186768775,0.06499531691397802,0.7301612387010008,0.8136841193280997,0.29722864753205175,0.6926151221676848,0.1978301299609308,0.4715584934514835
0.34597265582510367,0.279557298079214,0.283715167765779,0.16234914119535515,0.7849344406758522,0.7727215513552811,0.0385786402706443,0.0,0.5401577641488682,0.327865340245411,0.4903132126016679,0.6545465181364638,0.49841019150131355,0.03954974681478729,0.7927103270328585,0.81492044117191,0.24865128180522,0.7318167066785394,0.17787121204187437,0.511716345949349
0.2839911077883267,0.2905216736480198,0.3473442514993725,0.11308793050414143,0.7512605433770041,0.7886028482869861,0.007901864721436504,0.02397906143434842,0.4788466843950212,0.3440061300813422,0.512437474955701,0.6759459506785109,0.5112453022131014,0.09991254545755617,0.8275374607949868,0.811426162054099,0.2910527410167757,0.7071710891977964,0.1789680940706244,0.5061291264129913
0.30996496292477155,0.2732817919971323,0.31708711875046425,0.150876806193467,0.6728440886028565,0.7393347682310683,0.029955766188355548,0.0,0.4595118423286422,0.33473069393381777,0.46960331708549546,0.6484124771995938,0.538904925798702,0.07606533635671661,0.8135913208855693,0.7459166174089574,0.3170403006981699,0.6918300096368758,0.21460657850901715,0.4948050523320338
0.3057516406651713,0.31102250404777676,0.29702431903353743,0.13765228606796984,0.7582147382685285,0.7100088988340075,0.030748240056407614,0.007646901367956718,0.5005998645861925,0.3576691002970843,0.4533510043800359,0.6542892653493511,0.48501028407511193,0.17875916740806735,0.8608265669192475,0.8047011619024566,0.33127922673719407,0.684118325867891,0.17295303514089452,0.4823192725159024
0.3004001230227886,0.28690080306824073,0.2883937274852202,0.09067375211560014,0.85981115710764,0.6620606502488079,0.03284602470022352,0.010300555005741941,0.4880051979714042,0.3301781772933677,0.49262837212544813,0.6480723072737021,0.4667381565234922,0.09493684181686272,0.7894810034393719,0.7370055478459905,0.2833953073266543,0.6985305389087156,0.17695417294983554,0.5138796648065408
0.3729636272084329,0.31701357735372243,0.3112175921844593,0.1291598556983736,0.774649322925723,0.7809686634069704,0.0,0.0,0.6013214875724794,0.3765958873041015,0.495981361462846,0.674747395871272,0.4890574865358978,0.1388125946759788,0.8194925265221327,0.7830254865434987,0.30924504658586094,0.6804470632569039,0.15881626250760775,0.48055192520778756
0.33214945132882867,0.2633231306138912,0.3334330022384892,0.04568394194406851,0.7471241123497269,0.7611944741221993,0.04013213082065256,0.0,0.5202952242931993,0.3164883910075181,0.4801226290087045,0.6448455087682741,0.47467574099187015,0.05292702925920327,0.831709607052231,0.7609753017374685,0.3209375806464657,0.7205775488335788,0.18488207960115982,0.542672912093638
0.28217348136994863,0.3199264069664337,0.3124490175924493,0.14412990002285575,0.8037671700978449,0.6917108683568021,0.008606020741485372,0.016725557784951252,0.4877197827434413,0.33386960335086874,0.46883733480685097,0.6756670915457641,0.49851932259704457,0.08409731241985391,0.8937142803314964,0.804298807433949,0.30022416306391797,0.6638331589195152,0.23934806089171767,0.5022833816697626
0.3475358584116433,0.3350058688482677,0.34522309860494693,0.13192633863962103,0.7605334232601555,0.7130713163351687,0.012843441331174661,0.0,0.4683166529243874,0.3835440101993219,0.4998875746198409,0.6479282421070587,0.45405671407268555,0.10290693628102944,0.8057906196447057,0.8033650498935294,0.25433439084945536,0.6972097194333385,0.17462199079691096,0.4755338590442699
0.383664685910379,0.25018793072285633,0.2859764861989688,0.14554640674572408,0.7604767115131397,0.716662059402428,0.07275763504520401,0.03113449822560837,0.44359134768293645,0.34129722504075927,0.49056072009095925,0.6328108055310396,0.5273666908480087,0.07275538154176989,0.7582325128454391,0.8092458356306075,0.304945799991485,0.7122026709017586,0.1780510020443828,0.48972007443343324
0.3509739578165344,0.32122169709542714,0.31475822104307893,0.162324733003486,0.6954187413920448,0.6658507784008791,0.026037467614420235,0.02933614208501089,0.469243427427877,0.32370242671191174,0.4646312896619301,0.6635874634114824,0.49712096189551025,0.08733397945585768,0.8339171501342113,0.8014918629099635,0.31522861248121786,0.706842388402193,0.20581765839444607,0.49443731323420365
0.2744189010213796,0.3468300697741988,0.2899521311117376,0.13470479360838844,0.7616924012894799,0.6991158801697432,0.01227355049105649,0.024383373327108743,0.503448253152774,0.35438143125075333,0.4809818946261134,0.6439066433248869,0.4463199196440767,0.09346147281269385,0.8746290942387384,0.7657269863285441,0.2810515420996308,0.6856543405396865,0.1888761069860142,0.548247533078477
0.30547297781401245,0.2737107694392638,0.32227263765249936,0.12592357679193106,0.8017721708208473,0.6833084821596823,0.0,0.046395435746251955,0.5428198595478431,0.34049215515570913,0.45296584935950707,0.6624100179819833,0.4658194219537005,0.09298276043665317,0.7870980515909352,0.7795598604259328,0.29491690938251225,0.713205174134131,0.2668446330004895,0.48230822106381005
0.3580073344755987,0.3601771716051311,0.332737747801946,0.08475726653354831,0.7081968923949987,0.7193760494056032,0.04779528267892712,0.008338213445136338,0.5336506742716376,0.33328259488763384,0.4937178091287584,0.5954119123015253,0.49632162088227877,0.1556535571910604,0.8336432615442567,0.8268158464501795,0.2768900791574247,0.6822792122322818,0.1951241610597123,0.4976756547349723
0.2987699160314366,0.32257057028098135,0.3065847641263789,0.09151116945403795,0.8212247910623474,0.7030651250835218,0.0,0.022977638518076784,0.5068728449493913,0.3280825837840256,0.4747553286123429,0.650104105237899,0.503526881123429,0.1113467885629453,0.8491491222091568,0.832714267091776,0.24859704902839294,0.6995523068700638,0.21005655038652116,0.48924343260269954
0.33331458284438686,0.28884964432724775,0.26291572286745735,0.16746938480709322,0.7454146987927437,0.6586497539566626,0.0,0.0,0.4903049700289255,0.40536747211251883,0.47128578335230525,0.6408078940248504,0.4545552474553607,0.11438531688823911,0.8406826217588061,0.744128676054938,0.32054008823575314,0.713036831439607,0.22831306354397968,0.5099851697116333
0.3432390216028801,0.3083269276702688,0.31897896293592987,0.17745341622823912,0.705611524423073,0.841129511528474,0.013372954018243018,0.05904739825737448,0.5080643706923647,0.34496896199631727,0.4793425102969513,0.6287348262693745,0.494260517008659,0.11618964323035212,0.8050223408989432,0.7287628946994942,0.299925029323963,0.7092582555898622,0.22773733597588552,0.48956233172589914
0.29219208585265755,0.3267498073756517,0.3237347710346702,0.11047558254751783,0.7998816038460123,0.8026270365514615,0.04832823583400585,0.04967267304872039,0.4844408600754627,0.3114886527933424,0.4808061539866049,0.638935179963204,0.4410532025467615,0.11837879132011338,0.7720610496714742,0.7609244246718115,0.3319534999340996,0.6864992197716105,0.2069986274467214,0.4772188666772058
0.318214239318146,0.31228016174237233,0.32308589509923397,0.12184010989013096,0.7356602882130865,0.7010490289240007,0.035464799733315185,0.010237608690355839,0.5515509198729163,0.3798741951801107,0.4978986012313112,0.638525937114147,0.47821328269057906,0.09751339048375404,0.7967488180794566,0.8318083032812901,0.3171464438381235,0.7239498903312872,0.19516617539941997,0.49609410840407603
0.22276197979792783,0.3261626797733911,0.3397156438364431,0.08381542500024936,0.7879757443743054,0.7536210698326805,0.0168432498031948,0.017731724598103845,0.4943242945617476,0.36222141810221137,0.49182181062650443,0.6490402841029884,0.5022409368420641,0.09037760885563462,0.8183440181551053,0.8385953612073214,0.292915804766691,0.7017338914297107,0.26072085609137774,0.49401212313335513
0.2892683707599713,0.282379792207619,0.29357892640701905,0.16691027381069778,0.7354120683870732,0.7608732544910648,0.02616584127277642,0.037185951987296115,0.4974098642525982,0.3346706713796042,0.47687181442414395,0.6226534707743009,0.4689696853979404,0.10500448178554833,0.8363289009636692,0.7530115247839532,0.2983363867979118,0.714859908218783,0.19700719174057202,0.48815511244751975
0.3124229554582052,0.31508082472108234,0.328604322109009,0.14661667294767114,0.7470086928235048,0.7995542927386738,0.007992286142577885,0.007057209903717861,0.43352532724938,0.33133761822627716,0.4952733629943799,0.6563254756051943,0.4498615540172397,0.13470411846740418,0.8133578019199617,0.8022923741494535,0.31132354781540345,0.730582020133465,0.1867492968671456,0.48922379282205763
0.28256650454105453,0.2675885650928506,0.3388501502495595,0.19764869745854996,0.7746780102167146,0.6990697486669961,0.022793073791307017,0.0,0.49413695460431706,0.3634694559231646,0.48801474507383225,0.6773242957041158,0.48292429592755115,0.13378714565309152,0.784803681338377,0.8633772533256036,0.31933766833511484,0.7223504109754921,0.18062453035117945,0.52369391595762
0.3689723391179491,0.306663218159539,0.2794282483198697,0.08486707691281044,0.7645448528795002,0.7946053391991212,0.021466734895562733,0.02747979502013765,0.5250945241389482,0.3450616334502109,0.47146800727427923,0.6556185699389565,0.4679056226672904,0.09278804572934768,0.8222151862459908,0.8066124590896134,0.3064534126148402,0.7224025881266208,0.14819590391879733,0.4936051957146499
0.277095758661181,0.2828827707560563,0.3213930365183795,0.10487968403927131,0.6502234109774131,0.7126047347896532,0.03937539791362707,0.011568784921673403,0.46796832268884364,0.31148044363109795,0.47750563683527025,0.6661797721845802,0.4925911673213167,0.12303531084004335,0.8344034027097129,0.8468601314093238,0.3221118629057897,0.7038535985969894,0.2246484725671149,0.47731744675043136
0.3067986653990905,0.287934101722307,0.30491640337984655,0.12925783690102288,0.6939378129952805,0.6732068797915693,0.03934356244877899,0.013659888992905208,0.47747838996521563,0.3857447992920934,0.47703554222313754,0.6718912490922759,0.46229347135563875,0.09416246010880996,0.8151844022565793,0.8299490628033239,0.29406662526651056,0.7158787024182102,0.12955794808697524,0.4907576807240029
0.32392221731858273,0.34708279525631314,0.31336954653796706,0.14585958150903083,0.7964704992395408,0.7762068279657248,0.029879547644112894,0.0,0.5237813305320099,0.3413201907556808,0.490105226863484,0.6747297902436835,0.464547262206938,0.10101611648305733,0.766552515418467,0.7535920517508836,0.28005712906428626,0.7042719314912863,0.1998283147728524,0.5010867131893079
0.3632381986719835,0.34273930361782806,0.32195352967076674,0.1113732944980947,0.7433931705549226,0.8045379212061214,0.012753048849077955,0.0,0.4557002832944584,0.3799114347296485,0.4726595477055672,0.6874027738564261,0.4395799535824751,0.08579429855337409,0.7927437586113124,0.7824007430601169,0.2987038149287774,0.6758135106444317,0.19385418097185847,0.4732746072689729
0.2769241354646168,0.3282741436272153,0.305255428717729,0.08508155638185197,0.7238134348614289,0.8693954486765343,0.034836445887802533,0.01472284819758202,0.5317340302262575,0.3755686991593143,0.4721918162715673,0.6400159600344815,0.48339889422102966,0.094550645832813,0.8379128310564987,0.791390179131674,0.3041036978147237,0.7060548758501008,0.2671989557669434,0.532519559200128
0.3548949125646488,0.27723061705982266,0.3014858384167678,0.15525630115694283,0.6820712992371263,0.6800137367454893,0.01816063067593907,0.028099240829884,0.48403568329480695,0.3299798091103437,0.5193751461886792,0.6356303202967777,0.476781901234468,0.1402399020864904,0.7446792876502211,0.7941653355208537,0.27596929210521426,0.7051272196747692,0.1450504631385912,0.5173515895501254
0.32030699183058764,0.30050774650915596,0.3156830483497605,0.14884541450182326,0.6960131839362076,0.7749459842540394,0.0,0.005483865018479164,0.4883429533852639,0.37066379728726295,0.49879470963494205,0.6656693129664947,0.4562323065851986,0.10277263442017709,0.7162728791043537,0.8266531581375429,0.27326555831706756,0.7116745872304363,0.1729669013904693,0.5286034548723756
0.2905547404685615,0.3463929309993755,0.29325508122274396,0.083349035977451,0.6489100680019027,0.7195099378103234,0.011934244161781227,0.038728590391177334,0.46628364784623216,0.33697114900272634,0.4647879867114972,0.664165324393148,0.48387597427534185,0.10405847525656954,0.8603233140057609,0.8063473904910163,0.30894772592946856,0.697440060495732,0.19591710623955053,0.5078425625097537
0.3338631042278981,0.31425150740919716,0.2932834974222963,0.17421771204421982,0.7449359640649234,0.7791679355262016,0.02169053967568649,0.0,0.5113413878128364,0.3126659882639211,0.49141881987884395,0.6655135059923138,0.5005414060128828,0.056583466622261255,0.8204566102008752,0.6725519622488754,0.2918728629725915,0.6847708888647229,0.19407411987592496,0.458126050997398
0.3259717908672041,0.3795798861994508,0.32858746565913005,0.16680794836786414,0.7200781209709477,0.6664755224384374,0.03820431567329491,0.0,0.5737961595508814,0.34150803667955715,0.4823670013131035,0.6877856490850051,0.47568864113162096,0.09072268277101811,0.8242692001008043,0.737486389076291,0.29668318188675996,0.7131301216635045,0.18351366227569865,0.5307066743327703
0.30199349368523615,0.32179953518183113,0.29202411929682687,0.1253718598899117,0.7016706054507342,0.6768615112150718,0.01632943655685694,0.008655393856077375,0.5234449171838189,0.35795275003552557,0.48783102350520186,0.6502273981759699,0.48536333899643946,0.09276055288765815,0.7569273210549178,0.7025047634009584,0.29280614668598354,0.673734554254955,0.197570362717935,0.48272863280580214
0.3220940625497006,0.31576147349470096,0.3283262500181842,0.12318391449504146,0.7465938287416023,0.7012062588416758,0.0,0.00834814849297419,0.4740714421417839,0.34074526704007324,0.4827468264913021,0.6585231311929237,0.4854662249917033,0.07512569543669785,0.8295011225386616,0.7970146096262134,0.3304120180352642,0.7291763827171294,0.16221311813390776,0.484356265119958
0.3084405920941472,0.300726506073925,0.324251825857079,0.1421623108446363,0.768198531542637,0.7439482022834042,0.021134833665936388,0.025399374626704455,0.5340686175647443,0.34385903318149796,0.5037928529097047,0.6303922349703305,0.4559134034564208,0.10064996235110692,0.8110099475027346,0.7996195059787105,0.3252352232079,0.6953716387759001,0.21071578636984817,0.5031265028791089
0.32340552035753745,0.3140062271434685,0.2804838654241881,0.08553187718974967,0.8546598966104972,0.7079459366730823,0.022269120801131047,0.0,0.49049961362197253,0.3728713208985722,0.4869124068930289,0.6927064224795192,0.5211317164141519,0.08712453129317038,0.7366268968860642,0.8013289983444287,0.2752529261992166,0.7049105634411234,0.13035543973767266,0.527564596933403
0.3398639202356314,0.3054259049085837,0.3014487069532869,0.12120125916656328,0.6744058290218393,0.7729527171956709,0.023716752578055063,0.037361884736297965,0.5412345494428268,0.35212987960580183,0.4787582260357142,0.6432691015758178,0.4705830033975543,0.10239987565730747,0.8569713365709544,0.7516428692914154,0.2893441357383911,0.7111711630656314,0.1992269193236823,0.521065742679048
0.3675805044843606,0.3312432603006577,0.33888218806094744,0.03390465821563278,0.8079690521650261,0.7913447309128957,0.038397430319088606,0.04933833925016508,0.5242002920649309,0.33313403377430095,0.5008438115396603,0.6438356814367834,0.4931223240372054,0.10364509029456803,0.8063473329447493,0.8169657602047996,0.31700008535939184,0.7118137608968838,0.1819892991720928,0.5181256224035204
0.2828655350351945,0.3387010695038375,0.29537668937720635,0.1550582258201174,0.7986550780507536,0.7699788770622678,0.04037846480179797,0.009217119460633163,0.411705753035848,0.3640406064733465,0.4846657008217574,0.6430650021798352,0.49538430554458096,0.07132736926532067,0.7841566413568293,0.8186504998587412,0.31203872474206484,0.6718203140009653,0.23048863828269908,0.49376345894250895
0.383991001239688,0.2864203161847615,0.30571191475381226,0.05754027110232562,0.711045363031165,0.8209393819830434,0.008115782552366668,0.034994208403686375,0.46987761101134917,0.35395351133908487,0.4824295715865811,0.6371020828271132,0.47720809745768494,0.08803894652550433,0.7848804101605913,0.7397940373117937,0.2991708407534043,0.7164817316108852,0.25265933211899916,0.4934478494781578
0.26143736601432493,0.27006301139326666,0.32424121786503796,0.18013679313715997,0.7601617977293016,0.7607913314727671,0.007677130839021131,0.0,0.5283315566850617,0.2995679039707591,0.48628045204972226,0.6354112590230471,0.49213590050119266,0.10232122848282502,0.719391123782705,0.7313584719420452,0.2772479959007153,0.7060630765675254,0.1900684349374893,0.5069188733596013
0.3154464471489325,0.2549138388069011,0.3306678101856519,0.10679519624134198,0.7271183375331193,0.6791551644829916,0.0,0.03150443082363832,0.5045497181643506,0.35856705827542895,0.47812781953267264,0.6395259143422095,0.4849163844363278,0.13552898293470178,0.8237334639852546,0.7899947325509226,0.2863491990769291,0.6872947723088277,0.24172177787424293,0.49739858317432933
0.3376495161945373,0.3252397398073763,0.3099692222791101,0.11153332072275292,0.759284429020937,0.808168825676917,0.033976313405609526,0.03094552817118925,0.46928732156876446,0.357836574154322,0.4801845398599094,0.6226840814389811,0.45164720485545184,0.10770157518387222,0.810474288289829,0.8616712909445344,0.2896646486490742,0.6850066609810816,0.19051651158108768,0.517786358146587
0.328429756032051,0.2768990018147838,0.30304979610616717,0.09489064375661976,0.8254565506702275,0.7097421882197001,0.04897640216675431,0.02726874560379757,0.4809923145351856,0.3504024225916172,0.4682661082247625,0.6342936415947352,0.4733545459749982,0.08014194460247717,0.7922367947066763,0.8579897096879457,0.305539886622382,0.693318938358863,0.1710162043061273,0.5166023532899046
0.30131901440538217,0.2454132822114255,0.34344739723397016,0.10847844504311693,0.7802803116315656,0.7855209249842785,0.013698361441821532,0.00968873822259412,0.4428129013973186,0.3678340116213915,0.4649766556075224,0.6889792622289524,0.46774898195291875,0.11197014277731557,0.8511394082980669,0.8125361744179221,0.33407454309394474,0.6740251662677901,0.2523771089655686,0.5118268264234541
0.31375633248928175,0.32165735813592894,0.3497779932759516,0.17674125380592146,0.7754304186616721,0.8186867108277553,0.015171388705500138,0.0,0.4973488013742081,0.3365521283134699,0.4600285922703512,0.6647131028728274,0.47076509917307746,0.1512264666796528,0.7446456392401662,0.760800133136797,0.2862623953042374,0.7344453478197405,0.2156232933420202,0.4494807743646124
0.305209971960235,0.3847899855229837,0.3345771610156359,0.020487653738596817,0.7284845340022679,0.76283440053652,0.049335651137979525,0.0,0.566320691780473,0.356729995776418,0.45216033426405844,0.6685180835345543,0.4539199364432672,0.12750119417767056,0.7761291009452954,0.8254737063795434,0.2794792950488952,0.7297230265028668,0.20013315567829446,0.5025597672735452
0.3023190572916737,0.3098178726538032,0.3167063628513005,0.1710786154435275,0.6757971667537832,0.6651920593417675,0.030111157064300155,0.0,0.5241480017219697,0.3186608125766529,0.46240565277230883,0.6735441757483384,0.5025286743349205,0.1164257959130686,0.7659996698095846,0.7719030294076383,0.2978282704634411,0.7090340040195188,0.22061532425295946,0.497822922385346
0.3454880629106307,0.3351547232335493,0.29883468556718146,0.13352093924406833,0.7395765894729796,0.6940893916745104,0.0287247140960211,0.0,0.5657125100356527,0.3581418076679766,0.47651465931066145,0.6866826912872478,0.5120398530922683,0.12176770526446964,0.788848200809138,0.7592997185330476,0.3206347796102812,0.6955320316731581,0.20822645105390503,0.5033605120351906
0.3307104645789514,0.31245488075642697,0.2983911118688687,0.07171913408571137,0.8103304077431958,0.8061372233442567,0.0,0.012444860090941324,0.5264719126936994,0.3890611939107979,0.4820623516489127,0.6145715489711231,0.4995600595199682,0.14319862124285893,0.802698801010289,0.7042413267351203,0.2710623406647859,0.6960578402412521,0.19792341776175448,0.48491350722907184
0.29921271214218037,0.30703331040426574,0.3254502821053151,0.07698750427803047,0.6736416071705176,0.7315438657178591,0.03357456138558838,0.0016207310895753075,0.5308243803005808,0.33010287295064916,0.47457406873704716,0.6254023376942692,0.5054105844829428,0.1322688038205298,0.8172005409524542,0.7940952879339062,0.3290726830174989,0.7151613141234793,0.1602069551807601,0.4735042817920155
0.34698799626299753,0.33757229448963305,0.32336796441777366,0.18705572108832813,0.6972455315911652,0.7439786767471083,0.0014172731898048352,0.0,0.5592223606323508,0.3348039573602445,0.4328859301974528,0.6339255267821063,0.47310730325983685,0.11700281143352974,0.7861210618757953,0.764805306034505,0.2965593727576866,0.735156537990039,0.19188389788516202,0.5092627695995008
0.3292189856262983,0.30129176367434046,0.3430319718589286,0.08217972480229074,0.7563133868117035,0.7779412208081804,0.0,0.0,0.5113178977802668,0.33579969114216895,0.5114917271552468,0.640605404070208,0.46727486330027923,0.13205926658770256,0.7649057705938043,0.7938572151811402,0.2853135999537325,0.688592065208065,0.21869766270375418,0.4928739736453588
0.3443858635651688,0.3180217694221571,0.3280090018507228,0.07386597957616162,0.7007672607576368,0.7748161431040161,0.013064568464665756,0.0,0.4943831803547936,0.35259996451603187,0.5017296024578076,0.6439886121882951,0.4644282590637657,0.06755046711207818,0.8674402779908178,0.6980256921505176,0.2679962142647568,0.6776482791475334,0.1963168572293957,0.511493859874152
0.3388888652577084,0.3196509341858804,0.28493839396480364,0.16549258169458916,0.7103738276442394,0.753939990619273,0.008284145531026197,0.03242998423699857,0.5309797254986603,0.3287392745429256,0.48891519702434255,0.6410604489438793,0.4928812984591444,0.05493204242979158,0.8964656076715428,0.7967930669033475,0.3141304154684125,0.7309528154719054,0.22706977283391158,0.48658171244630455
0.29513014967233786,0.28995728639070856,0.33603895235445835,0.13354211505143657,0.7288200709135911,0.7295665814389767,0.015568006112299214,0.0,0.5436152071136565,0.3584249475738196,0.5181498134510654,0.6543861782626411,0.484541261062883,0.1047129595193149,0.8057314668752811,0.6927551534411349,0.2965765760951693,0.6642572282483109,0.21150965071600367,0.5283182128098536
0.3031945687940909,0.33976127048609567,0.29503878745371176,0.08248297693854403,0.6817191297904925,0.7243665777133821,0.0,0.0,0.48560106071863374,0.3669367989093833,0.46045271765032575,0.6507059078149043,0.47845556576803144,0.10206042128951616,0.7697287853191653,0.8335176101307421,0.30341410965509014,0.6798293838349471,0.1736559104574378,0.5200212968514153
0.34241880815369785,0.30475120729913774,0.30732057456095296,0.12866499901618475,0.7012939076891815,0.7828949412645672,0.03917632612935345,0.0008660476995350722,0.47835292752979913,0.36068694426907566,0.51775250241252,0.635543304096435,0.5059029708839069,0.08368269839460228,0.8590181652416918,0.8108756493654035,0.2819837651797727,0.6950628421497829,0.1604248412650363,0.5059365421709177
0.33831110796300395,0.28732764521521464,0.3200040041250339,0.0789698926543889,0.7851713958393655,0.7676784765533896,0.04255372589032858,0.016779870276188394,0.5041656809729264,0.3146316914872385,0.460695718464989,0.6064890244602487,0.48809882707630686,0.12477558009483129,0.7421297157468615,0.7788534091430165,0.2936180793149795,0.6687913306438993,0.19528464500209497,0.49573423173228104
0.3193729521810756,0.3260952953071121,0.3549133497956793,0.1640328559369042,0.6846315108884518,0.7271349999691105,0.0,0.019124989770570658,0.5249449660079498,0.3699033533031721,0.48477475850582713,0.6301426258924261,0.4632268472495883,0.044114092406462926,0.786609067011807,0.8125087944032832,0.2902683750729052,0.722242981256132,0.1842731465568624,0.5170481775559639
0.32351982149926345,0.2830459605462689,0.37719837112010723,0.16245483859492532,0.6701063932752581,0.794105615649657,0.039569156113331005,0.0,0.5239427314598468,0.36874734828507355,0.45452325349731587,0.6390152269337486,0.46638182341728607,0.0839568323182659,0.772155317946148,0.7508770294934579,0.29798813789243583,0.7171381054101019,0.2100896542886506,0.5078509563047481
0.35832994687365277,0.31084543472107384,0.32713446118272366,0.14128024795287772,0.7184987510233053,0.7335482942435108,0.0037894274035674726,0.03043270427655216,0.457274971994372,0.3666032274469261,0.48029388191088734,0.6450584112638457,0.4936398659850829,0.08545133365367155,0.7536185779819805,0.7928950206245957,0.2866089534724838,0.6885041354556937,0.17845587023711812,0.5047716837586121
0.3022528583349251,0.3097264301006739,0.31133606762559224,0.13446644244988065,0.7865977751254923,0.6974168912832803,0.037139510739655726,0.03872736068487508,0.5573481820118996,0.35745684497311647,0.48772332995996776,0.6274066508137893,0.5008346570530919,0.05091094644701622,0.7887990306831293,0.8217909615384135,0.2693163807862556,0.7255922823835549,0.1815382302273537,0.5208573081911921
0.33641292143510115,0.3425768669749473,0.32569011296961103,0.19044752499469494,0.7401539096001555,0.7020514650548327,0.018631070146671688,0.0,0.4807650521180945,0.35440378628410263,0.4769061933773089,0.6401838706700717,0.49103360464511936,0.14484193021807912,0.7654331168330415,0.6662284300363445,0.3545699949059321,0.7289858485680765,0.23159209152784738,0.5285307230881328
0.31393422042698316,0.3242409469863986,0.33275310851747675,0.11998745309552901,0.7267709460942191,0.6910629581845117,0.02057551128161997,0.0,0.4920480500933426,0.3706477879625279,0.49427754888180275,0.6273802522302883,0.5179377749574416,0.059223961940100316,0.8005061785659462,0.7721110256128991,0.27273191505324973,0.6977365870341987,0.20444608905883693,0.4749517763102891
0.3134695639031834,0.30924919123764566,0.30858664748885617,0.07272503498316796,0.7522179398757803,0.7263794991698156,0.016298047011575625,0.0009949322444345703,0.4729203692003654,0.38847026975206905,0.48198028898974515,0.6474836129690333,0.5127001433146283,0.08234979828076944,0.8010870867068987,0.7890942347945451,0.30362918013885076,0.6909866364486398,0.17891818803718124,0.4789923178530039
0.3529633055596157,0.3345329889760086,0.3509042271182464,0.13797895651329228,0.6627146283570173,0.8016862139168096,0.044242584084669724,0.0,0.5809498650781126,0.330939190732703,0.4695517054324498,0.6285381734327478,0.4888207166970152,0.12723939273415402,0.7751467310591209,0.7821482552901694,0.26455944343151916,0.7451920405548496,0.2005292542620506,0.48439478549042403
0.3447624904696409,0.3517062264705194,0.31960141518382806,0.20344188198148455,0.7747352826887516,0.6997452409484746,0.0,0.014478537478932128,0.507262120108639,0.3715625079158954,0.4686637336439532,0.6330219068725907,0.46322838681036993,0.11938136030286195,0.7851794657362453,0.8482840730490963,0.2600590512676405,0.714423236441683,0.2413673372900505,0.469951508047129
0.34440528908001916,0.32673430919055585,0.32495486178182786,0.0794096202725659,0.7691717515701822,0.7494237880509051,0.032156806774700175,0.0,0.47447074757955304,0.34827565803985094,0.4962182754523139,0.6238263173802172,0.45380024976536465,0.06675475910545761,0.7907660412838516,0.7450439550030846,0.30195652983704535,0.705126493059377,0.2088136006482417,0.498745029488617
0.3591643642146299,0.3103105785953014,0.32831848504108924,0.10554148933224057,0.7295345762952139,0.7071655327186294,0.04202660329779101,0.0,0.5259177064988734,0.34740653895942797,0.46692515940386065,0.6469299860886043,0.4722523650997057,0.1204746762778191,0.8323938424447771,0.7651536302621909,0.30348735175536606,0.7272709189327922,0.2177885242827539,0.5120023291048901
0.32063011524898277,0.2706449130294952,0.3234317322122891,0.1366578415240581,0.8002962255898208,0.7269845479364281,0.034326801610808214,0.04078394400349815,0.523074073379301,0.31926938619235923,0.49830805940969874,0.632671044600952,0.4950642689283231,0.10869353435974666,0.7940628239574327,0.7133652389476621,0.3252299798160477,0.7060386127000604,0.17743296390417673,0.4995716341009533
0.3404585891388489,0.2780465901077388,0.33177881000939224,0.11784380603977043,0.6936251950523481,0.6644979394007373,0.06649397828646836,0.0,0.4943681892926035,0.34430421180969206,0.5044542358566386,0.6681356853335086,0.5165329415862387,0.16999106686334403,0.8329880696314439,0.8504114660509259,0.3079909368203141,0.6898875882816162,0.23079258131403801,0.4893175671677421
0.3106919973021963,0.30084325886936,0.30265493626906154,0.08070785678490741,0.8063954496626784,0.7289730885421731,0.009421064745506023,0.0348685655620585,0.5252182013835015,0.33005470084063165,0.4466257227530774,0.658117005333858,0.488348940688216,0.11211821248204915,0.8234325193421863,0.7801483942956481,0.29700378562508417,0.701603195209751,0.2695430678139141,0.5225291551425831
0.32972499057465326,0.2917146339352215,0.3038339649210794,0.16487431424921883,0.7577246832797626,0.7303147310097519,0.03914609645187063,0.017106763911802738,0.47524124117507405,0.3407229114098811,0.5026585277460207,0.6486029626363271,0.5033744558846247,0.09576274536794405,0.8228612278760298,0.7724636444785318,0.2810079951186999,0.7207730857463946,0.1762559707246144,0.502811128064135
0.3160957083689695,0.3043908609104366,0.2929969153405661,0.21280162888069037,0.7331723705060913,0.7670143972017848,0.017878187293171595,0.0,0.48521245175152244,0.328036272324437,0.5212084539688939,0.6340502900531243,0.47509385027624396,0.07430494128641732,0.855513838813839,0.7879006927075715,0.32998024136467097,0.6601562886730157,0.16454318076884034,0.5068596593473264
0.32290987894978157,0.3116994977469132,0.3237900246124045,0.12784525836095628,0.7490063182315844,0.7511640456627685,0.04466812152705339,0.022706583904324125,0.43969350036301813,0.34102183225373983,0.4850400752240385,0.657610406106326,0.492455382504551,0.07767269899133286,0.7552243648101636,0.815449433137213,0.3185770249210045,0.6942393852112155,0.20526626731505446,0.5230846960979952
0.3378547107631074,0.3258907826307019,0.3305787300702423,0.08383726841055998,0.7446367617094529,0.6800803937523977,0.01984622008557261,0.007646653956142933,0.46028146747341314,0.3418777928595319,0.49198168370589646,0.6638140177869728,0.49646713658954345,0.07522692713595526,0.7810726757477156,0.803894536140645,0.2750734104450315,0.7276611479716321,0.22626515149533233,0.4975351612229773
0.2954533795029958,0.30788503665822725,0.32415545732303774,0.05804157899786099,0.8110141448208859,0.7942099122021771,0.012242484362750609,0.0008906588750051906,0.5542289241701206,0.351935098368776,0.5007401064873832,0.6528537682440326,0.4404081144829494,0.14113296441735768,0.8705319520119829,0.8959153685422836,0.3007592745642127,0.6897626319781296,0.19725830983849216,0.5412042814524937
0.38277161827056383,0.32459504931478605,0.34848984866695076,0.13031903924884722,0.6961660436264493,0.7505151520110998,0.046121444077432586,0.014899141863440078,0.5492428588316695,0.31770500275417335,0.47449035369641956,0.6820740371093387,0.4717312239524698,0.10053909745049412,0.7897073399764294,0.808157435536151,0.30288104463052995,0.7309221712086281,0.16840380811872013,0.4910436999225647
0.28981947855500895,0.3119342324443036,0.3148880796234191,0.1641550937326503,0.7118740380426701,0.7499196758588743,0.0101687612196214,0.01949266971133584,0.5019736594594689,0.3210896370450935,0.4836456044707574,0.6591927463614964,0.49899400768555735,0.1169574137192419,0.6873950524037661,0.7713901828332368,0.2930869268678866,0.7282948763871963,0.19674247514658832,0.539958964090258
0.283574341616368,0.25073600300938387,0.32837483311185023,0.13900670985981525,0.801815144603624,0.739540882330743,0.0,0.02415183643949239,0.5498879434156951,0.3572382854146105,0.4537160094075378,0.6682721443513607,0.4854893667127313,0.14542742799942662,0.7918812662740846,0.7675457304990422,0.31543700971613586,0.698689417690221,0.21794276818332364,0.4805052963617516
0.35474332620500204,0.2818199381854374,0.2931659824772137,0.11990384636324584,0.720223253240807,0.714112127638889,0.009663062336523429,0.03356505695096005,0.49519776540175087,0.334051237658598,0.482772700570609,0.6526713083107196,0.4560696990369813,0.029246075733776064,0.80539758120653,0.7742896419033277,0.3166346627669635,0.68862921390222,0.18778904519161824,0.5103496980576089
0.3437498808188881,0.30567737332835154,0.307258005950512,0.09642913392842775,0.7950266538665796,0.7508901169874362,0.03238065893177065,0.018162718255567128,0.4926976909229628,0.3714905958045986,0.4899622399128908,0.6635132890651395,0.43139755248545286,0.13836621294101126,0.6953154753027516,0.7299265230148065,0.29619028604389785,0.6942528225170073,0.21821765053264766,0.48714935662387526
0.33872359451156464,0.2737091577147668,0.32891075515131557,0.0763134546912764,0.8349717991504355,0.7637794217964291,0.047840775031741826,0.0,0.5016953194539667,0.35450539444030094,0.49032326045852936,0.6340643753466165,0.4726843850939599,0.10166190735350003,0.853357425595518,0.7915945682996635,0.29438261508404684,0.7532922898400286,0.23494132355719732,0.5223913223396218
0.3388503652779284,0.3279978618998861,0.3319820422148629,0.15339005305299527,0.7299102486529183,0.6526552154327222,0.022222587505930244,0.0005270908469761793,0.49625235214029306,0.36213524300412814,0.5013084944719516,0.6408320327357442,0.4785682861421224,0.11305145114921333,0.771451501445376,0.8213387242483567,0.32997916925335063,0.7374884889386648,0.20720691877311345,0.49043534784283144
0.31963259681459255,0.3559225249703109,0.30912066104671637,0.1565508648554234,0.7840681163287653,0.7130619581326952,0.04636394134468051,0.06886096670537242,0.49354411029319456,0.3782138464084179,0.4645039564372894,0.6569872710696476,0.4623215410034331,0.07514790334755247,0.8131425246075007,0.7654654559750707,0.3186567778472447,0.7025078194361347,0.19916156686165123,0.5058174238128818
0.29308236885542505,0.3465628555509195,0.31356801496283865,0.058170808532370666,0.6923153859330071,0.7272526514798205,0.0,0.02448982120763455,0.5343019432144865,0.3438057837638685,0.4693478648665301,0.6568419896311477,0.4828616987405599,0.07734626804654446,0.7909607381862376,0.7577047977486355,0.3014472077981677,0.6878369289675917,0.22488031775678846,0.4869891600791686
0.3222741367458118,0.30359671387209375,0.2846425250663838,0.18359355912722736,0.7877366649033904,0.752808530284714,0.011134730703641942,0.05738574601622994,0.5045040696186861,0.3385102658916745,0.5179101469198271,0.660152236458865,0.4901277349446579,0.11466537669438964,0.7484659432318383,0.8506378058517694,0.2674158192183989,0.7023408207116252,0.1743169751768831,0.5187445034733322
0.29968514865463663,0.35472178410549854,0.3078594159838678,0.14296284883576005,0.7599711992993383,0.7996655502963563,0.014228497656917978,0.037908681643983706,0.5213744529330141,0.36743405171197624,0.47699343252472576,0.6720078578455746,0.49341374341452465,0.1715379340099441,0.7571796746145832,0.7329406737351535,0.3068800021261007,0.7048765385323352,0.17135870498921232,0.4868849747872172
0.34925359200253253,0.31446002371606335,0.33280766327039574,0.17598378580583174,0.7736519141080107,0.7014129592701609,0.017708811450549606,0.014836041431114971,0.5309414157583199,0.3601902712785937,0.48400067574624656,0.6215005765636917,0.43288162150135356,0.13009939938444703,0.7625966865428981,0.707287264940908,0.31396166929835334,0.6751328252478128,0.19200283145213046,0.5336682968948534
0.3155882785549359,0.2998874208664588,0.32650410032213134,0.06631489006059539,0.7177213963982303,0.7151019076591079,0.021681887765003932,0.01602814139562235,0.511645573869642,0.34625339380357395,0.47865979916549556,0.6305109490477941,0.45371429804383756,0.1379656876425562,0.8434268763673456,0.7438839222541047,0.24490956743203252,0.7016008253843051,0.185243616355566,0.4800800578607722
0.2952350840962247,0.29159792009377183,0.3250133144276242,0.06536703378338243,0.6669458292216414,0.7143732944676725,0.03381821914784386,0.009268399202463085,0.4708918602227528,0.3778291593391188,0.46356638347389956,0.6545914528214851,0.4739075470329053,0.09423996189215741,0.794098472475994,0.7283826913150282,0.3050373889663605,0.7264480864962346,0.17589974074128575,0.4730874416334371
0.3103584247504102,0.30092590940535613,0.3159954737436192,0.11404122760930811,0.7751626032374752,0.699923620494773,0.011103863236590196,0.0,0.45941402333107884,0.34575511380320134,0.5124705842178361,0.6355127273639308,0.4914434626207492,0.08199387326243116,0.7791253793379301,0.8054490425641833,0.29166616026408526,0.6640128663756705,0.2549140542499632,0.5190310415615818
0.33238794362826873,0.29835469544376314,0.3151412631725635,0.14011137707580776,0.6468298423760273,0.7226406752443869,0.02278057373906251,0.010360945049364486,0.5044634190442192,0.3506554727511156,0.46944597176158787,0.7175553648257873,0.4897846802710007,0.07657585145263021,0.7626156434963908,0.7755718199820171,0.29558291439740897,0.716531679302745,0.2651597962848288,0.48816712719472954
0.30308826341588074,0.3151124866712646,0.30179357721053107,0.19185443291707854,0.7341324753878733,0.7785401109993986,0.019097542193518967,0.034213491050843946,0.49486231085525195,0.3504244530166851,0.45745428952586137,0.6603143923834027,0.4894373989575335,0.08535178825909936,0.8478460088610451,0.7812125181990465,0.2818523809447336,0.7274959594010956,0.18938884873233255,0.4998552537310093
0.2953333881330071,0.31481721943149593,0.3289765684040507,0.14824315655260525,0.7970590933209984,0.6873082252317827,0.0014822019221770039,0.0,0.5026217428676036,0.33130812210203053,0.47098519445394493,0.6484333830213969,0.4723316411606213,0.038416527004884245,0.8585680509009436,0.836117367078991,0.29703621419192716,0.6887888530981126,0.20275156849245096,0.4935551769232856
0.3273106163447574,0.31009138060460245,0.3234194588877878,0.11029274892751867,0.7595948867936518,0.7613907197576452,0.017726666218371292,0.01823905998123619,0.4995183788225424,0.3515517077897278,0.4399658799654893,0.6396906145383229,0.4734473312538008,0.07825241971325195,0.8473897559482673,0.762346605553489,0.3278398315236266,0.7338835151638211,0.19436471539808628,0.4737478346569462
0.3273489971332617,0.3231081450923905,0.324840376959856,0.07894523169336432,0.8474171322394907,0.6549048884990832,0.017126809402057637,0.02703182091786395,0.577507209804997,0.3779352035479698,0.4669742507003363,0.6403967543361392,0.4654334146315652,0.0831894053182047,0.8196974935661667,0.8210035764698257,0.2910720300236897,0.6861932587510331,0.23322497720354468,0.4984601267172332
0.30479170473886613,0.3457193882435902,0.3044793031466484,0.169200022908766,0.8012554576290887,0.7119331001778897,0.016698388699939077,0.0,0.46009321233075984,0.3588993663075235,0.46063742804295343,0.6506028132263035,0.49536388256211694,0.09473925476815477,0.8115932016748285,0.8504529119681281,0.31931147117586367,0.708821653237208,0.23916936685520143,0.525298317899446
0.3058688508314503,0.3384866240632397,0.2719331416025751,0.0814117829699714,0.7173050805837212,0.7235255349891007,0.020635189131629015,0.0009739427131267072,0.44030161190536626,0.3506212685279786,0.4923485726185465,0.6522396386524252,0.4615902242452084,0.10395250329241876,0.751362487280964,0.7717735000794536,0.2838733756224078,0.6938645463067273,0.1466820860393106,0.5200627400661113
0.3269614981207291,0.2654530609465029,0.3369430542350739,0.18513874219089288,0.751365668992572,0.8237429836457032,0.02151347081226772,0.0,0.5099713050055883,0.3467646543766866,0.46653171520880254,0.6408660171061298,0.49700072790379135,0.11087352605876832,0.7901672349315577,0.8194809142222526,0.31517512385312074,0.6938600728567479,0.21428032400196878,0.5046358552525185
0.2765574697550803,0.23338236595294137,0.3054232508798319,0.10862461401573963,0.7476314648727782,0.7262598847623656,0.011354096417853395,0.0,0.4887073233623541,0.356617340568127,0.49775607871157695,0.644536955069602,0.4841570647627529,0.0995522388267112,0.7726455918661426,0.7803272834988408,0.300033117112439,0.687654018604839,0.16079535976516557,0.5222453658607021
0.27777608676870336,0.3380295973371782,0.2977444847191376,0.18362328290471402,0.6708911618326936,0.6299378263274541,0.0454542946794253,0.0,0.5094820360918986,0.36499533256978367,0.5079696798613864,0.6768856915046919,0.4790991104308969,0.0825567074097173,0.7269795156406117,0.8269639251536316,0.3070404965757856,0.7139715096172403,0.2527481647362584,0.47880962830611645
0.2984466733624269,0.26899363904753737,0.3288695782382799,0.14715725160237114,0.7029800541757824,0.6400555546569375,0.0,0.0,0.51751649066852,0.362184776617795,0.49562350672575195,0.6776900992530207,0.46686579200447065,0.04109924070203439,0.8422817367666147,0.7271404324969492,0.3001430651219497,0.716976109154629,0.21320744090631194,0.4934909134218999
0.3135965854486446,0.3032570379432195,0.30715974720161743,0.11452018042230167,0.721961954651007,0.741701479317334,0.005580597830602075,0.03838911361595678,0.5385231408553669,0.3433627027635604,0.47569223422279844,0.6550406795986976,0.4528891627767175,0.08274074174794621,0.772166802144309,0.7241795101949862,0.3128325046488242,0.6987115560084561,0.17529951384912093,0.5079160988146042
0.32932722696794015,0.27489660921821923,0.33619872768093245,0.09922414512695493,0.6481889748572032,0.7706885427894954,0.07559927248447113,0.0,0.45478322538848187,0.3564956318822023,0.48282228993411186,0.6231748054552653,0.4670469448724391,0.07082648086938985,0.8478376762974124,0.7743492914036985,0.24864829764132482,0.6728006357265545,0.19276035836186442,0.49739170346365774
0.3642606865084866,0.2559405868725994,0.327340118991534,0.1063636849061568,0.7523746734125821,0.7587727928813627,0.0,0.0125291843812138,0.4832984630642851,0.35959879482296553,0.4495003011971188,0.6607700631327809,0.4733998626275023,0.11398200244835811,0.8352698560304005,0.7544430076376092,0.2716034937308486,0.7080634033326878,0.19133068225201527,0.4950635333904689
0.3457297886960606,0.3262438818461436,0.32867138646400956,0.1371326676950095,0.7375464077673479,0.7483785052900495,0.0,0.0,0.5128628377664229,0.32985610024946044,0.4773244125495752,0.6810856488322206,0.43261951376837493,0.12727862190081082,0.8222687190653368,0.7693316356228046,0.3083416099601729,0.7084402871882138,0.21575338828657448,0.4759871253535781
0.3152018441010972,0.3327746548090794,0.2876808857759893,0.12308625984870866,0.6663553049344213,0.7981129798752833,0.034689534900024355,0.03357731874073878,0.5231139078706168,0.3533646108236739,0.46279123063866334,0.6773956220392476,0.4760528968933067,0.12815713201179818,0.8245153628705274,0.7812189367021144,0.2591292329220753,0.6956656997722714,0.23125737812532435,0.4583731722271458
0.31942951376291934,0.29270468797819843,0.33923887970772804,0.09624754367725179,0.7702106432638666,0.7130204389631434,0.0,0.03622324593207233,0.5658034865086515,0.3067739222739527,0.49388652762298596,0.6646885170561934,0.4984871473605201,0.12270858208383462,0.7753874447170518,0.8188005412734501,0.2893883928870558,0.7373446257436161,0.1655537812408487,0.5163573284989927
0.28992411906086574,0.2322687312356527,0.3202250106246771,0.11337474358729471,0.785793637234548,0.7847455278013412,0.015294521800551221,0.02728139964277894,0.528671119133416,0.35965067419642366,0.5314550477848895,0.6784484591057165,0.49134435810867744,0.09599422793642536,0.8743140060516267,0.7736935768573626,0.298913183179267,0.6687214147019869,0.2551626350273634,0.5048644314650446
0.31944460592022833,0.2936126665524255,0.30761445721507596,0.12314308118876599,0.7613517239432445,0.6583992557486791,0.06291649850152978,0.016122691062055106,0.4982963421234117,0.3632068610912536,0.4899964327194762,0.6510676854495805,0.47007588248516985,0.08434133303572311,0.8017250172381221,0.7570455475750766,0.2834371972477421,0.6556543257949285,0.2481707032346253,0.5180399675642019
0.31134024083239586,0.3217541201620764,0.317867769346845,0.034850636223407505,0.7337965912395515,0.6947526083530967,0.0,0.005378809263182028,0.4732869274117201,0.3649509225157292,0.44017719702090663,0.6625620593966741,0.48093872596830456,0.07758691738998802,0.8120772674047482,0.775939464929644,0.2861687719461245,0.6853833020060466,0.17374029297226865,0.49125528115683254
0.3296815568101427,0.2656326529367761,0.2794752953420336,0.13832672459154793,0.7795721075875928,0.6496479302534092,0.0,0.0,0.48307130441842944,0.34209906295660863,0.47277539614171255,0.6363844886734964,0.46887670861156,0.05477503250194749,0.7740369466573345,0.7592341888077353,0.3054316440030718,0.7142084906818289,0.2021840538308693,0.4857444423034481
0.29518307169343033,0.3155007975933747,0.3231730562296134,0.08081115101132771,0.7840110180238345,0.7262577349665104,0.0,0.04887057762244394,0.4822189153112868,0.3561809367004807,0.4824498185074891,0.6558453091231142,0.4829752146667139,0.12975561101523575,0.7627533895689217,0.7526397799174914,0.3201858991155962,0.6788831072513232,0.2513242563234295,0.5001309593327327
0.33558039542723517,0.30954070452481014,0.29441256983635855,0.07386670387177019,0.7653701784859844,0.7376869391366828,0.03796719136693971,0.0,0.5196570088554128,0.37847907691082333,0.4817471485052053,0.6765906848794105,0.5108021564748806,0.09475866886210077,0.8190918403523769,0.7254793274569212,0.2808310123749038,0.6803805816294785,0.2369875576003245,0.5170839929722564
0.36598216739007733,0.32737874498803265,0.2879465942831293,0.05250622611557158,0.7087693874782619,0.745705074611326,0.04249553439971625,0.02327292694065683,0.5077099233675749,0.37827539296582513,0.4653837374878249,0.6382115317702622,0.4993699760524975,0.06260979119137379,0.8087005398375514,0.7927791246488431,0.2884988360762526,0.719020426723563,0.18989770909856316,0.4953709557002469
0.31673719554629426,0.3135874110524246,0.28455281627564216,0.04824430008528438,0.7638300382755591,0.7430941676443568,0.009748224060429824,0.031191311452467944,0.46029051287473466,0.3494165460154688,0.4849058348527387,0.6327711314107143,0.49041588611385506,0.07520525872869296,0.768425905363897,0.7672517717361179,0.2853747805334591,0.709250958455955,0.2244301944370362,0.5160357036865697
0.33205135166296823,0.28080793177355334,0.3372537674997985,0.06578209987550843,0.8097740325412739,0.6936223334594136,0.03366424808002138,0.0,0.486922955927287,0.35278639261459116,0.4551499832616122,0.651949778780474,0.47014230175232563,0.07399079630702345,0.7424629312489839,0.8286511495693869,0.2515724049624544,0.707541218192568,0.28991594875157417,0.47987383988813825
0.34070431975133336,0.34589714504993474,0.3024147321261442,0.09163916169478037,0.7201685470694135,0.7304879577793392,0.04780510655023979,0.030760250546319243,0.5263264266035426,0.37221822289468864,0.46110182554629864,0.64546675592552,0.49499876785889674,0.10129073455045381,0.7492030765068982,0.7321041563176424,0.30283423580635016,0.7156285783893105,0.20315479945553638,0.49677105733660265
0.3079633858434249,0.3052441128091909,0.34567455419833,0.19813036550106272,0.8548969669566215,0.6651276665697126,0.05574692828859651,0.025284264066777105,0.5105498706492217,0.31998395969475646,0.49291595283207423,0.6629829544214084,0.4462624609725389,0.13202403553212058,0.8478453486836444,0.7683166577980849,0.31869435491656983,0.6914961409345423,0.18102055245679943,0.49859771711843937
0.3267227744543125,0.30918086381470206,0.304283970738954,0.09896481296419184,0.7237184533007308,0.8081614487566126,0.015073294376403036,0.044559276707635306,0.5170593384803831,0.34353848514645946,0.45968673538240346,0.6409348094810592,0.47495293036018216,0.0895603135121325,0.7754698474139972,0.86251628882635,0.3203328641463176,0.6924203185188361,0.20517259556274198,0.5245277988784384
0.32037777202345386,0.28200196122780413,0.28085284084814105,0.12711000425072125,0.7516203506670068,0.7248186963551,0.0,0.0006130706714657756,0.5114876513017179,0.3767114091107351,0.4907642321098451,0.6843687923120543,0.491674228396479,0.03242399455649053,0.7864436581729667,0.752415619316086,0.28258467247118524,0.7161955854512284,0.20739656286491956,0.5041525479603182
0.322930282956465,0.2967015324642547,0.2926695112010268,0.13601925546025315,0.7163757201996832,0.7155556940478154,0.003582421551806266,0.0,0.5487929220382658,0.36950401083369533,0.45261072450687884,0.6242064780407789,0.494808424280955,0.0943245899452324,0.8580136103503625,0.7805386699161551,0.27496603902959715,0.6731022643843759,0.18426389782999708,0.534921550365884
0.296809706484336,0.28345591857919294,0.33971623240013876,0.12524260744863394,0.7611635417960131,0.8194470164222041,0.011463916101294849,0.0,0.5070812919147311,0.3573852755529981,0.5152965176758347,0.6750746957243947,0.4933976898043148,0.09531418299708413,0.7551139775405434,0.7413662406869853,0.3004321109518337,0.6571456030720291,0.21324875203442653,0.47304630400105036
0.3207353052277683,0.3048116182022973,0.31188203644126666,0.11690226157096024,0.6628889153682362,0.6778876733225385,0.014821224068432188,0.014177070850686636,0.48841931606387906,0.31988335189338757,0.46451460155191887,0.634703015433838,0.48589661378419385,0.09325239307193435,0.7709202069713178,0.7360628994887608,0.31658547373132934,0.6913343165274428,0.16236796820817498,0.5025983780882256
0.3349399487373635,0.3613512544042703,0.30403425407018797,0.07218824945603021,0.722697910059164,0.6837206442984015,0.01624281197982561,0.01116425454170113,0.47252734876599317,0.34900179533917675,0.4755266685639311,0.6140803453083196,0.4760855004183223,0.08117616500572895,0.7692493268575723,0.8518924393235072,0.30309700896620767,0.7186174657813138,0.18003398398973963,0.5035879607836089
0.36353430823385124,0.2688429657120593,0.31820036451705574,0.17803710193116848,0.6953939399825716,0.6851889837565718,0.042377891958613384,0.002131242074508991,0.5074882837462914,0.33820169207500134,0.4866122652218081,0.6547575031269773,0.4907595193965298,0.10652317242177528,0.8647227392466417,0.796841579705486,0.3057860927174752,0.705111193979736,0.22274734328464393,0.5124018639517374
0.3487781247825562,0.26159315806369776,0.3250356547233509,0.1922878657455154,0.7567669173946145,0.7366064309150259,0.04548856853375163,0.0,0.4267788795567475,0.35662077805634423,0.4686930009499781,0.6449078402797224,0.460942779188274,0.10198423345447005,0.8797353400232966,0.7953471535295049,0.3228366185547247,0.7171458300824602,0.14735387445373246,0.4837328012710222
0.3845954737253467,0.3541351098248082,0.33734797631804925,0.052693652235092564,0.7997223687754453,0.7615815814818798,0.016566526921504333,0.01940965992258213,0.49447132994501863,0.33381306630410235,0.4828681192214261,0.6278078126419394,0.463106454734135,0.09925509057620059,0.8300625290160869,0.7221473505953512,0.2852172688153859,0.6596741137915366,0.2270950277598433,0.5336889267882168
0.29697957311335854,0.303720289685444,0.34396998459785855,0.07903885636454482,0.7823003093557276,0.7769837734058916,0.041969697521036374,0.049446889581644005,0.4938248042023597,0.32948553210050785,0.4915071344904025,0.6163724621656947,0.4812346935292059,0.11237924084328897,0.8313353889661697,0.8043496555243321,0.2956005982665394,0.7063099361664698,0.13964055902882894,0.5002592788294352
0.34616961910162036,0.2899278178402025,0.3078046270842183,0.10880758630491975,0.6314170319570553,0.8685997658747484,0.027153227332621786,0.019285024762460072,0.45906587439148155,0.30870269444632714,0.4992122646500697,0.6498327842545709,0.4834639528541749,0.0871050153055644,0.7767857998858908,0.836296877839753,0.33269211023522405,0.7130772900928475,0.14806026263371055,0.4782586497413016
0.32550026017215056,0.3411971406218823,0.28847904627835924,0.08141848820359235,0.852103482646394,0.6275283772899618,0.021290119457251434,0.022182710381070274,0.47215202484032015,0.374436093699534,0.4958299487194591,0.6695167378324763,0.44348769642870706,0.0854024299089804,0.8778931394761713,0.8359790824331412,0.29606377753804747,0.6729840515477863,0.18503063770832345,0.49967950019172763
0.38569408799653015,0.29183153380789406,0.3067306967775345,0.1402386221382346,0.7647639970310434,0.7704367794562208,0.03813088314219928,0.021448906123102036,0.5242897259044472,0.34200458977113884,0.4765637907239465,0.6616990698617289,0.4891029276189904,0.141403698687562,0.8107078501743465,0.8167333291842465,0.2746532606806686,0.7172411518109308,0.20860591528458053,0.4937367695423977
0.29575105143934544,0.3647802914064081,0.3202056101316577,0.09086911190373548,0.71117504297535,0.7121434713713884,0.021445040964758317,0.017940933397647997,0.5069213524722489,0.35314291567405065,0.47706736451912796,0.6511341329767854,0.49545456755838785,0.11678066229146308,0.8341244105779897,0.7448205768961839,0.2866128780749941,0.6977696220698841,0.23975790809382166,0.5556647028449466
0.29480834473457673,0.33033777614017806,0.29572482147578777,0.2066022427122641,0.757856395949547,0.7106792425555614,0.06115622354195524,0.028633319337361893,0.5030536500112198,0.34995523767051634,0.5269821711605006,0.6595769514643547,0.47845429525067407,0.12480838182828399,0.7957790024491619,0.8025249366877197,0.2812364029755752,0.76142673403212,0.20172868289478788,0.5209988719905003
0.3020182206366793,0.2953626577556289,0.2958569817020991,0.16762194377374384,0.7588094911251346,0.7090113935873061,0.0,0.017907473623713317,0.5091904260179607,0.32865132134079,0.49899778136498585,0.6494557173524429,0.5274893256656799,0.13678313756002206,0.7892786965068956,0.8167033984190644,0.3071432517140254,0.6564552786220652,0.19260339177272032,0.5009932271141644
0.2562831282707058,0.3747192463979651,0.32187575763099774,0.1285029612252886,0.7166575641524218,0.6945615164596013,0.009696582018159646,0.0037464566069344805,0.5027788276384677,0.3248187017710361,0.4615635268735957,0.6214055151393926,0.46634129787369627,0.115778325418744,0.8665216903838447,0.718222256596444,0.2820810599282244,0.727382287353495,0.21738743743954414,0.4977616662960159
0.3042273493495772,0.29182855230989985,0.31402695296859096,0.16107945053278927,0.7598958333671038,0.8242262417301726,0.017469622060920995,0.0,0.5372858768857495,0.32989369748005526,0.481999763275311,0.6215821202955312,0.4727782567322626,0.12785166037408513,0.8215889471895323,0.7451488163407286,0.30542068505722486,0.6921168380694784,0.173873035385962,0.5190211372496293
0.29722602015338906,0.3322628611602792,0.3156559399082317,0.16423601697429235,0.7196263856189846,0.7821148663506952,0.02878905380915981,0.005020526894386495,0.5037028754511095,0.3355366312234121,0.4732971372244361,0.6459366294203065,0.4720986618774558,0.0526196451378922,0.8580550184428153,0.8255262928697377,0.285278695629187,0.667656965711199,0.2041824547803922,0.5199772432065642
0.3245118135942862,0.31897877741219477,0.29983009330599864,0.09744210047767027,0.7297819003654988,0.7411597989278688,0.045359209742061785,0.016282589929013318,0.4562536065854375,0.35733212494027605,0.4772933153215378,0.6467869342726785,0.47847624777417963,0.10612461615988082,0.8102131268698018,0.8250418310668772,0.25753242923203545,0.6894608971287001,0.1640166122613392,0.441769001613587
0.3302526792733148,0.34905223868196394,0.31039198571588467,0.0873513102183214,0.7156860432122458,0.80755078762435,0.019512028655276868,0.0036783407775405333,0.5489038989462323,0.33408564672958774,0.4554100968458382,0.6670196535701354,0.47342550374067416,0.09451844614557017,0.7660653385430765,0.7280566786551443,0.3061323957396384,0.7055495848267492,0.2024777155062624,0.5128598630946667
0.3762851251764766,0.35684533590180556,0.2965153371146339,0.1231257225187859,0.6783664355130173,0.6643735517350562,0.0,0.01628677366262861,0.5111102080198654,0.3849298126318924,0.47176153531228093,0.665146084475495,0.45186378910790254,0.1503305227269943,0.7766662826848605,0.821800858370767,0.3029692736309378,0.7207493333913009,0.1961049102245179,0.5005593308795725
0.3485127151455815,0.310960124471973,0.33280396822249575,0.15446544497991777,0.7572918235107692,0.6734647434334536,0.03685027792910009,0.01878300267400835,0.48232238807614797,0.370543020717863,0.5162311154638782,0.6621026603151791,0.46906903407527045,0.127829365954099,0.8041186096985845,0.7938121359661447,0.3103551563141768,0.7344392857626435,0.1758719623565175,0.4737771235642605
0.3026928903301279,0.2873974638896145,0.33570498669447507,0.1255624159461367,0.7792649718258169,0.6311016133902656,0.03509917532283929,0.026663588625403634,0.46239794845114945,0.36616719099331413,0.49158152601751004,0.6443943457384564,0.47804758608451847,0.08108664427620461,0.774939991358267,0.8212403581842861,0.28654025561669483,0.7284378617740868,0.20495121909613218,0.5176042827924835
0.2930475598595493,0.3237991642881735,0.2780762427552381,0.05692014071236011,0.7757441798038186,0.7050292729938357,0.0,0.035655899376779605,0.5118774266287414,0.347606821950537,0.4301767718369708,0.6223869565977972,0.5045714416412399,0.11118382475587618,0.7557015436548924,0.7646191470626423,0.2844091104928125,0.68069235958591,0.2047564895947893,0.5449237602711653
0.33475757514519516,0.2896685389074368,0.2964097827961518,0.0878870222419663,0.7909962626317617,0.7480849263352376,0.019923917326584013,0.01156014836957715,0.49648483985076874,0.38028561471440964,0.5043344698499589,0.6582414227413205,0.5240448654674582,0.1050304400034772,0.848056681271481,0.8158073398592361,0.3080293371696309,0.7226032938453223,0.23526362037017406,0.5111359189365556
0.28039300378938076,0.3704016174257987,0.2850694148981984,0.11704108545622488,0.7662170105007434,0.7451429288966167,0.0,0.0,0.5472244035809722,0.3456398873775775,0.5017925904581833,0.6605033862652434,0.506709477957013,0.11362994299456687,0.7782051971670596,0.823753150979425,0.3303803914506196,0.7078256991424174,0.15183099790811638,0.5220085688451372
0.3749437629756306,0.31409605993248213,0.30199952131186203,0.11697337582696679,0.7233637250891548,0.7474670955529941,0.0067069780499587495,0.003097918063616199,0.48962278157999517,0.34937477171691506,0.47281429391387164,0.6022293707504462,0.46449241940654784,0.06943472591876046,0.8055277099116529,0.7759466025817716,0.3002233601901265,0.6869079395814202,0.19771853276908874,0.536082381839288
0.3553832036216386,0.29904035346063673,0.31333124060419276,0.19890168707159234,0.7919831932215594,0.6694471584466959,0.0019438214607440038,0.010881251348131987,0.474878576309526,0.35339949079498534,0.49434527087566427,0.6333132362683468,0.46608380778747666,0.11080049395714676,0.8118453435954243,0.7907101018469315,0.3084917019209429,0.6957617881304503,0.17719212800889564,0.483394756985599
0.30592473043685886,0.3155404091759472,0.2860070956060294,0.06456048230404007,0.6821241230079033,0.7801577371307011,0.036185293964839715,0.0,0.5268738865470779,0.3640364608108669,0.46281201578365594,0.6361789124521221,0.47681342844981295,0.09315545952135297,0.7764738749871773,0.7640591348198139,0.29356824631148587,0.6858031468111054,0.22609286174528875,0.46284857109666167
0.26860596412727367,0.2695862113141091,0.2965628037374937,0.14022356967343497,0.7049664308743759,0.7519813759119499,0.022336603483443677,0.037773290402049645,0.5277584567815049,0.36273816158005967,0.47059488567467284,0.6523670040224687,0.5156911777770717,0.10847349292166802,0.8580319786523496,0.8560655579474352,0.2691273895625263,0.7007418468387291,0.222617361955764,0.51313732126619
0.36061617122496237,0.2808515788446804,0.29492085255837003,0.17956452433313158,0.7017899964288378,0.7766527140732999,0.0,0.012847558250209326,0.5050595410283059,0.34049749443110794,0.5099709272133971,0.6339327913446862,0.47669151895636214,0.07826844504633491,0.7553143295518155,0.7851891224269694,0.31934858838308117,0.6854068423541175,0.21523639535205863,0.495047769271171
0.31656380464242145,0.34601241723833276,0.3191453465879789,0.21085798981691184,0.8040028029569655,0.6453618911204974,0.03760131925914685,0.0176270566916057,0.5202907114302473,0.3393401256114809,0.4745653992026058,0.6492373086235073,0.4534498501892514,0.08244810485810203,0.8104650105432308,0.7531190269929128,0.3181682847817232,0.6794401185356512,0.17888500225791612,0.4725165309525691
0.3571344893592039,0.2902931716308581,0.316386886740725,0.10382410307264155,0.7971394257070038,0.7555745429398895,0.0,0.03731052925052532,0.49886938637773287,0.36279805914304164,0.4426053667609002,0.6457893011929402,0.4699764572609393,0.1352152606110011,0.8098447082550634,0.76136696344501,0.3142154805035039,0.7095823825556554,0.22656411748820288,0.4984366012772841
0.272167170236169,0.27859267051954184,0.3005652489332549,0.13965717810880798,0.7743652618522497,0.6806117380041237,0.026602275809418874,0.0,0.5070159530302774,0.3643047316778246,0.47873393554437327,0.6468170105692455,0.4951411200363883,0.06845357324979517,0.7978298158854341,0.7950708240456845,0.29636109123315163,0.7125746109651927,0.15409607213770005,0.5145509474758124
0.30201874931138684,0.32609958257581856,0.318536417442788,0.14279041428794587,0.8035964932605899,0.7201338373724319,0.003719786614168885,0.021480838617680603,0.5349497264769176,0.34213297750354255,0.4784282321417129,0.6356721141259851,0.4937988055379217,0.07066736796873856,0.7481234954691207,0.8201332468711285,0.3119411219947708,0.6962480599981677,0.14794067889221688,0.4970205667047128
0.3201573109915455,0.3455711246398899,0.3040663983082547,0.12781926926213164,0.7060358608794006,0.7667182449318192,0.012686458349389602,0.0078027175379612864,0.5187595500206451,0.3182562386064309,0.5039673713874692,0.6372202989186665,0.47599566667016685,0.09845256228353266,0.8348327020745386,0.7365669261939791,0.3178752359477566,0.7273530260787194,0.1617238700029423,0.48426344738529925
0.32140941781294224,0.331568599319952,0.30956689779347896,0.11604619195042776,0.767429755993049,0.7445546803127957,0.03008541496076768,0.006318262659681612,0.49492176685002126,0.3458536780798351,0.48028672844351517,0.6283946588043862,0.4936682934712006,0.07684328874442137,0.8297404268133839,0.863906400117698,0.33240317369913414,0.6947913882700977,0.19899575569019284,0.4955298587940698
0.3064980358556227,0.33988143057417447,0.3484690418059707,0.13743901558000182,0.7437412785808418,0.697423001011034,0.03042898798119058,0.0,0.5405708763777846,0.36247051597651714,0.4715683537711941,0.6576013488114767,0.4345365559490633,0.07344914103211604,0.7729772588563514,0.8023470117622247,0.3197705220929488,0.6939445090974892,0.22025493202964883,0.4996104706939731
0.33868549797042496,0.2872961473429162,0.34180922103580696,0.018710156591212584,0.7923441051942457,0.7403136578092209,0.04673938147111921,0.04331206427373055,0.42905433881625465,0.3861083369283956,0.5009011229046241,0.6614220525718274,0.48207658470065395,0.10315227913624886,0.8282994882882145,0.8086582389187765,0.30127642450067277,0.7132097796469139,0.11071902577971428,0.4614103547474784
0.28797138711852216,0.26734567999774467,0.28900837526144807,0.14728277960250524,0.7442387883723901,0.6634232342378178,0.01835492600657094,0.002489999198488582,0.561562199342658,0.32604084075318673,0.4824158046500222,0.6345876409974932,0.49721370842737256,0.05484802429288886,0.8149963074520311,0.7861124182470626,0.27383493489151256,0.6973514883011332,0.2396822849563936,0.49714450093658613
0.3157286154493612,0.3550400095586646,0.3315946483575835,0.12504711614647868,0.730752855579496,0.7975133697949148,0.026129017259266814,0.023989284937914045,0.44882122715327794,0.3414685749433885,0.4649995463686856,0.6804128019203409,0.46334273449690927,0.06976113295259087,0.7487755141855557,0.7907703586940451,0.3031131659534348,0.7016959545805228,0.20393336588535305,0.47311319055710216
0.323608868951357,0.3003196048347359,0.33122793108983184,0.11110100412886938,0.7770454259280495,0.7297357990251875,0.011245253551913508,0.0,0.4811872152568311,0.34221192876949247,0.5030999512108323,0.6437079710511591,0.4632732292700742,0.16162286748770932,0.7658428434171457,0.784068674482904,0.30513154791698616,0.6495912305876187,0.15296682957230676,0.513180519040422
0.33543316502176246,0.3024750095063486,0.29203473422494763,0.2018744878287823,0.7938084583595616,0.7959274972127663,0.023639797652455954,0.03359977059379573,0.4987724739441479,0.37711610678863,0.483873235290336,0.6806037124759312,0.4426710369447305,0.11378425176907028,0.8455312577955832,0.8307118387614385,0.31418059550636607,0.7003341476947594,0.20302840910868744,0.46877914848826446
0.3413484463426667,0.3498458242554717,0.33137555287509723,0.0930026392483779,0.7165827402576599,0.7136734156451978,0.028789720960170233,0.031044223119141172,0.4956055798781552,0.34930116999082733,0.48005851933358873,0.637157456523368,0.5117979118962138,0.07760309943190268,0.812376647405682,0.7896828565018652,0.3270778371864685,0.6634560812505748,0.23277576244035258,0.5202538440910187
0.28626073724486395,0.3266869002820198,0.34575863836825105,0.10387696043739876,0.7469462164323812,0.7138212005796708,0.01803380305091248,0.011948682205946061,0.5301923312007967,0.3318534688125547,0.4835581678282331,0.6094684444680113,0.46559692045956863,0.11254645234798592,0.777427882167575,0.8206820087397084,0.2980969897588644,0.6755809885800226,0.21798323045918777,0.4918166986157212
0.27397657487793137,0.3236766331624482,0.29254910387511174,0.19966213208818936,0.6970779683179174,0.7017906606681077,0.0,0.005461150677241513,0.46826490144169297,0.3611739056584364,0.45858663257166804,0.6580439564982471,0.48482086555724224,0.11701991430959889,0.7656609643530944,0.7726460990658971,0.3420197437962622,0.6732935492248898,0.232972191876619,0.48914048586455977
0.35833030465695526,0.37495007034703254,0.29664994357971475,0.08671754780600573,0.6250969491253531,0.7838086965846538,0.026629417926617906,0.018000000112271326,0.5078230045244919,0.3419072295991811,0.4694469244764332,0.6549709021023797,0.49207834082966745,0.12983243260270716,0.7793842480753832,0.7978256211324927,0.2648142595991885,0.6791483369293234,0.15901260111808668,0.5058890919460395
0.32996942035938776,0.2906944530885957,0.33535322933687006,0.09799538868253843,0.7600229815706865,0.7045284421335762,0.027291229547109143,0.05577581321760579,0.48265363705340736,0.3255122545328409,0.48007165203665564,0.6506878759061517,0.5102413589828291,0.09618531911629809,0.7822208188048919,0.7578431862304232,0.3083868374492325,0.6890229228073549,0.18757984294584787,0.48267931109553214
0.2975454039033034,0.3378352038424371,0.32042990621651296,0.114118983062766,0.7804452678127316,0.7722297716207588,0.006396530473040982,0.0,0.5088542293801225,0.33214453385447695,0.4761067260995064,0.6371553504311203,0.4769220445202873,0.12929493108318668,0.76616147869483,0.8386611293019816,0.2840295921563194,0.6902701476890902,0.17225923308429406,0.5055749150826013
0.3665345592656757,0.3117103937469125,0.3260295255047905,0.15362937928518197,0.7631033404543363,0.7208773801165355,0.0,0.02564054775148255,0.4980568322060637,0.38468083908845235,0.5054485676563318,0.6493085554902837,0.46921140412443163,0.038846604253534825,0.7303294355046679,0.7566501103712354,0.26185556000622395,0.7132855040851425,0.25152740615132957,0.4853578245062326
0.32347023902878574,0.3180577683658977,0.32181178432800994,0.12831210029413254,0.6525219141122817,0.6412018350054189,0.04951758301007931,0.0,0.5027880695804894,0.3576841844329892,0.48434811705454006,0.6397748108426095,0.4834613529714111,0.06831075608572741,0.8456005314560314,0.777000822229547,0.29596451247401684,0.7044477562826938,0.21918088530459892,0.4888653097535046
0.3553789155219148,0.3558540527923759,0.3228139184185629,0.0682949861139095,0.7324575284961763,0.7114842966106767,0.02982891021788804,0.009601632074005375,0.48350225502606964,0.35215520110905085,0.497098078452728,0.643953008673365,0.5056816055308457,0.10491614205209368,0.8388253469044578,0.7774015835018102,0.2708565460315809,0.6619785114236403,0.2854102876687292,0.5081070833865827
0.3220255544423033,0.32523507268868873,0.28847055743377836,0.09871325747491241,0.639082611997446,0.6810445892818576,0.015418379381565806,0.005042397618426739,0.4846980814971175,0.34500212528375906,0.480187907091517,0.6668326451153015,0.4765965493719843,0.10988900598423375,0.7490697819277257,0.7758419444930493,0.29677144203934364,0.7016658927509362,0.1859717139974832,0.47722838532531237
0.38182243774645963,0.326148882371489,0.33594635413242896,0.09570582267151154,0.8184850553827092,0.7416951361841169,0.0,0.0014336348440448857,0.5086181754208228,0.355842976842376,0.5011257696749224,0.6536843445906019,0.4609026183683185,0.07264653136994076,0.8054524518225468,0.8188998307777176,0.30069538496188913,0.7063651049316685,0.17825977364953088,0.47471325396475283
0.3726602252732961,0.3421752201192941,0.3383917998485555,0.11691115819107817,0.6956972708940957,0.6804796132162755,0.0035637034315730808,0.009790697418945414,0.5283114651726813,0.35560471892004986,0.48795055513146307,0.6621990277466395,0.4491848438336927,0.10778259973789478,0.7639104718914094,0.7773336894105343,0.32237082818671897,0.6934286696749408,0.1957152008421455,0.5049645101482069
0.3125310755456278,0.29905141811371344,0.31041218511863944,0.13703374634519316,0.8127701804729948,0.7862987550357309,0.04605180793572464,0.0,0.4820516199740646,0.3558433765641465,0.4802684097077692,0.6453626298674843,0.4555740523078955,0.0812847925393822,0.7895373110709386,0.845756981221643,0.26984829730472126,0.6987822804618659,0.2413507166426765,0.4994620029502123
0.34914712852863067,0.2848237099798298,0.31413046100372277,0.1367282302355189,0.7972934821842073,0.7354462069823486,0.022753238817360924,0.030583608722559344,0.47393697366281273,0.35229690180555506,0.47973433822081957,0.6431596530839045,0.49728782994813325,0.09169122717318504,0.7862093368050538,0.7572609965547933,0.3181689033129154,0.7038062025079411,0.1890164093187396,0.5033738548961878
0.33936127848755443,0.278655724179369,0.28437784994888554,0.04895952983806391,0.7049704823731969,0.731120200262063,0.008988258659985869,0.0,0.5184038049701551,0.36737596676611095,0.46091122747418073,0.6269303493822271,0.47358751047386377,0.13074321401995032,0.7828866313712851,0.7967750987977084,0.3019616090055959,0.7152919919527115,0.20373312793720832,0.5065527847344284
0.36105894672597044,0.25100930231871993,0.3252850951203567,0.16255763950243424,0.6933607524366128,0.7727946068893792,0.030193784624493125,0.02079529025656684,0.4990248832082693,0.3504620869200146,0.4901383144027262,0.6425992677486361,0.46784958180158576,0.127268124906658,0.8801178833630515,0.758968560427496,0.3205769830721919,0.6685024002507453,0.2029007210866046,0.5011475110761396
0.29105229618259687,0.37168621389820966,0.3264411488342829,0.13010275383986494,0.7675185108193169,0.7881953467037931,0.003712036251073525,0.0034692829493085777,0.5249149440195786,0.3304412232889472,0.4791959053092724,0.5835777088882173,0.46568065553632115,0.07008819017910213,0.7823869726129524,0.8068389113012587,0.2913649764993774,0.695113659227207,0.2011849028360657,0.5121618524793414
0.3405815437999532,0.2769037490283495,0.3137561796600138,0.17538128190375624,0.7077837981408465,0.7389950624115174,0.05001686060560757,0.0,0.4728260835988656,0.3377515421819826,0.46996016079637587,0.6381955606738873,0.4817009172040036,0.0682824561393969,0.7676694469973231,0.7893620109209293,0.2733551082647311,0.7301667219611545,0.18042804618612568,0.5019487257395732
0.3517527346054876,0.3033623912924268,0.33748706719741006,0.13776793309162688,0.7551242321079104,0.7014399850225355,0.047056010697934504,0.014047667411973904,0.4466168322372971,0.31041962613020574,0.5021292354162414,0.6483625164561833,0.4752108981246883,0.08766479813340051,0.7694967428201182,0.7837975182120609,0.2756500134756827,0.7283332261659591,0.195881267962689,0.45985392200649394
0.26723781540730657,0.30169560100333237,0.3083184553804012,0.16405291830943047,0.7258586204596541,0.6513015191943935,0.010668518575944468,0.0,0.48400987754520997,0.39053634232084783,0.45499567948210395,0.6612734730854032,0.47453735712561496,0.09919761096481225,0.8417510782560702,0.837538998660141,0.2741638509266577,0.7170187385555156,0.19459692195945927,0.4650423081067629
0.28450224462002677,0.319222200934273,0.326292118517872,0.13866181245800507,0.6609420792767183,0.705697512148241,0.007426595059382793,0.010794276434392694,0.4770094217220495,0.3672550918390537,0.4715500820913513,0.6446264424495008,0.5069864785562148,0.08026304534275777,0.7339159067322827,0.7638263251577959,0.3095562830584131,0.7107364936791135,0.19977306020976054,0.5385589836048417
0.25882303466719697,0.3344721163761789,0.29460671322615767,0.17384903024810994,0.6384765990437771,0.7091393876676019,0.0,0.0,0.497636347997591,0.33339859009741524,0.5005543749755906,0.6569534708449,0.5107603256372326,0.13121927328399005,0.7694950833425792,0.8134606063047201,0.329538440444294,0.7330926949680417,0.22830550454458126,0.5000014373411773
0.3119177949666633,0.33581420465079237,0.31452895698251526,0.14089002544071114,0.7613342124247299,0.7453528726496148,0.0,0.019225441686356624,0.4808946435718883,0.34436310301205797,0.48631045881840507,0.6064042267721951,0.44779956654182007,0.11042169525125667,0.8578729136044614,0.7592416034930083,0.2887009694668956,0.7383569600321332,0.25281884103873475,0.519004833034342
0.3415262676738789,0.29250767684293183,0.31151291484194327,0.11608339014228383,0.7219221126834687,0.7227426559430986,0.0,0.0,0.5222305085400935,0.3372624705158713,0.4790428214469448,0.648863262955861,0.48655185462285916,0.11218255329623288,0.8097594475199059,0.794507408006415,0.31258270596515564,0.6974184002390629,0.1747869571199088,0.4930859218874585
0.36507071156288085,0.30498634858640766,0.3195061584408188,0.2108973888178753,0.7223455091542934,0.7743966486025714,0.022703806819747718,0.0009801196594138115,0.4913554921273245,0.38085094422748234,0.4850200708630029,0.616409944141732,0.46446275802757214,0.06200383513165086,0.8076768802014446,0.7421769868710623,0.26953115883728757,0.6806113511342335,0.18824019125636857,0.49883969811212137
0.3222228434125933,0.318477398514649,0.30760946142333284,0.15556148489119567,0.7847931919546892,0.7093508364364656,0.013475325911172809,0.015878987758863244,0.504514234963217,0.3216024567145814,0.4835882834209768,0.6258339296868134,0.4750349777227781,0.1350187215215134,0.8852858584057481,0.7634993141477304,0.30360642498354595,0.6945941536475101,0.1752496430478144,0.49093270691458313
0.36885846636713876,0.30253926621449356,0.31237054808656667,0.1429497768401765,0.8086721138316222,0.7371479416573529,0.0,0.0,0.5047290367532283,0.3522895211763756,0.44966674907428156,0.6462566890427228,0.48618556770253385,0.015394935332779289,0.8098539181179399,0.7867142781770854,0.3133712523267425,0.761933910275441,0.2056130461166682,0.5493185466292273
0.2785969562535533,0.3582203672805998,0.33152094342883015,0.06894782333846655,0.7363727639319095,0.7991993721598445,0.014376719150708855,0.00884072000663395,0.5058486527723656,0.347829443148703,0.47301476229304074,0.6755252797574711,0.4757456016613816,0.12502166355548108,0.7716725535456167,0.8625859666929232,0.2710375044944626,0.6686128731454961,0.18384951627467072,0.5050648484472828
0.26889852681934534,0.32472924854914753,0.30626471525523563,0.06846769530145849,0.732970064654507,0.7570912606977483,0.03010674295294697,0.0,0.4992761266863508,0.36653677261418227,0.5123304330902749,0.6574241352694012,0.48460919761255267,0.12802935213012315,0.7887169177249461,0.794032154818391,0.2959223306204029,0.6905892172094116,0.20719390501225968,0.48930284188987605
0.31833356903310145,0.33204633358149455,0.2828684579852264,0.13170861928567412,0.7750071516556942,0.7369981229155718,0.03055678699831174,0.022617512071923113,0.5153180207123094,0.3479198154455061,0.46681351730445664,0.6503646199427424,0.4934594041206383,0.08702796438166116,0.7545827076387773,0.8561867326346683,0.31431834280971127,0.6717461769501474,0.2331088073133436,0.46696920573139616
0.33152196346817925,0.3298864380600224,0.3499916780841084,0.12582084791072962,0.6821532215150212,0.7099027779032412,0.0,0.04529827611101543,0.4761303459852258,0.3148358224668913,0.4736339797179133,0.6496093922106579,0.48589153601080637,0.13818730651742273,0.850237481600628,0.7988129316676368,0.24132458705541043,0.7024952772575477,0.12422504942586177,0.5394746688547171
0.3190191575571772,0.3452042157245597,0.3426290815738097,0.09543509739966735,0.7611576527373849,0.7083384301642511,0.017434730390323384,0.06584417735819922,0.5419825377996165,0.34497764330715114,0.46916758473381626,0.6357274221359107,0.46706327391664754,0.09810707341136961,0.8229824687014686,0.7745166302210025,0.32670906123403487,0.6759461794221026,0.21475339668802074,0.49673443229543396
0.2579767369988037,0.3154306467611112,0.2891547460978876,0.1256393079844824,0.7775942985911077,0.6974693373524026,0.0,0.011823362933328783,0.49290387849894396,0.33055675564113346,0.47825969553363723,0.6391203317325463,0.4674160078605935,0.10187295109982329,0.8449765659988356,0.8515742609040278,0.30707358751782093,0.6978249795433276,0.18619438853306364,0.5148845823912319
0.31732639881461633,0.2710950415613246,0.32879415610490387,0.18354507712174384,0.7840115104208815,0.712949656710855,0.038034573942805475,0.025764082815943737,0.46065352586303954,0.3515915909311312,0.468337543373514,0.6585475209094159,0.4512058940676393,0.1101858636221265,0.8485193571419749,0.8074807048829368,0.31433455295434687,0.6609980967996247,0.21381266803953167,0.517119945806131
0.2808659149848544,0.32199063855257926,0.30494050458897315,0.14781609898201195,0.6531623648748768,0.7777832919372157,0.03568292832706997,0.0,0.5056422007097532,0.3786835407304065,0.4897348300431612,0.6222927896311101,0.4629215940495856,0.19559724735433165,0.7834315687628988,0.7642911362446915,0.2917456144161047,0.712352413301693,0.173105916867494,0.49074338953139257
0.34009017646490114,0.29045929318624514,0.3202697443066212,0.07435965960989047,0.711932236509553,0.7289055864353866,0.0020394554735108303,0.040054686526111764,0.47446458552657544,0.3152114951153544,0.48394626824580533,0.6618610810056604,0.5192413672379705,0.14033301724249014,0.7622098859196444,0.808822858376012,0.2655455503686929,0.7244469051293595,0.23588782964920627,0.5134490555077231
0.33099794738290544,0.2941414995475073,0.32088448258026986,0.11553964691428224,0.7060868373588267,0.6725113465309385,0.004679095951992002,0.02552457009448212,0.5199600360352663,0.3339955452920019,0.49547095230214033,0.6422298586576229,0.46415992851809507,0.12103393602138754,0.7979314755476782,0.7782962100036956,0.31068125912633904,0.6923211275587308,0.22739841854120854,0.48791723426496764
0.29180360641017933,0.3275909205626528,0.31031184399367356,0.08780134076589756,0.7549943477204607,0.8284084646529892,0.010774658990033855,0.0003213311009753403,0.5662881672812713,0.33894614092433006,0.4589811766762208,0.6665111414973913,0.45613242375112356,0.07261586540196416,0.7650895571684585,0.7104386321531482,0.29834819349166974,0.6972973998584859,0.2170505644562793,0.4801914727592117
0.3045839924798992,0.3471484921430091,0.29932468668827206,0.10449200334365755,0.7740372289883992,0.7559982595572582,0.0,0.03474361600578019,0.4764028372532645,0.34236737809173573,0.4731931903423419,0.6692218691446417,0.48639855723689546,0.10430769476438477,0.806598275016361,0.8274389263706248,0.3006423091086464,0.6967318553853737,0.22379677153430297,0.5232892938502443
0.28822359434333145,0.31063814730208184,0.3011891789536748,0.10345537337481428,0.824835520372299,0.6696528299743415,0.026719363468811534,0.00491047846709317,0.5099711699967195,0.3648025132821049,0.4754855473677573,0.6165383197498853,0.4777927048141628,0.07560627718460841,0.8452838752333877,0.8337973622256772,0.3217521397039791,0.7036182135045005,0.1776313859848348,0.496836212403556
0.31811962708180486,0.3192649903779689,0.29667616169037514,0.10089417669583979,0.7252517259815964,0.7179075536379588,0.014543109073197386,0.000839496339708869,0.4473348323388612,0.3465291116487722,0.4891129382017719,0.6383683847354557,0.47608813526301547,0.12466332541848439,0.7932744141580333,0.8635176811996911,0.31524127747725195,0.6992366082606714,0.18141128735932133,0.5103702566720532
0.34865426961503715,0.36106644833905716,0.2983635558353911,0.0697945851210642,0.7251213750845393,0.7455443191414208,0.039403501651357184,0.019506698508549827,0.5136171568832404,0.3583160545144089,0.4641355760558593,0.6328894462411876,0.5081809193282418,0.1042140092720457,0.8059998035963096,0.8068857476878105,0.33842474834179226,0.7153623390486138,0.22257308602452439,0.5082184198776354
0.2904282186099337,0.317222595384657,0.3136564341990129,0.11489381273927239,0.8074836009439373,0.8252296046648688,0.0,0.0,0.4734285860060093,0.33748453912536447,0.49831307608516684,0.6137454406985372,0.4909825335111673,0.06626434961158315,0.7962461753510653,0.7800510630366987,0.30307708457746996,0.7246607826690189,0.17696812571694165,0.5127586392011058
0.3351213954655353,0.38805049342541187,0.300684800217785,0.09757569452610759,0.7648288469265152,0.6845943770870565,0.007617541035001367,0.030432495287998962,0.48125496144696556,0.3545984869083587,0.5037283118103522,0.6293493344758118,0.4694001413659305,0.10243373750255509,0.832109102897508,0.8233995770951434,0.28617575124417766,0.6837185755501562,0.24336905139974263,0.4688692613159675
0.3040922714488268,0.3269652893689463,0.3286410413142524,0.002822052399909278,0.8133825755593986,0.7888020359677973,0.0,0.0,0.4669614053048052,0.3655559526175543,0.4602225530472883,0.6988251169053068,0.4715104816481644,0.07451747590851085,0.7732887042284684,0.8239928146127563,0.29623166306182547,0.693813430144514,0.19029226786156905,0.4882941893736726
0.2962138150321297,0.2571771172253255,0.34474492310671856,0.20211888098006653,0.7644364001504919,0.8099743213486171,0.0,0.0,0.5219645367816421,0.3353540090052582,0.4701825421021287,0.6621901979242488,0.4699482697218863,0.10453648664012642,0.7121421495342761,0.8555312473254569,0.3083132674507721,0.7180323889784949,0.21505683169581866,0.4935104968500715
0.3167890892013633,0.332600248633136,0.30339893517259914,0.16355078616866686,0.6921441690643364,0.7085672847462715,0.0,0.0,0.5302191307241979,0.36562716239613025,0.46936136983415816,0.6883457593721151,0.4974947924316051,0.07422768050904231,0.8188347543750153,0.7882148950773423,0.32031713037985954,0.6715666190388193,0.2629774855776527,0.4833704265419702
0.2889427303274188,0.3214347515464833,0.31978809001070757,0.10494797100300016,0.6833435822611097,0.7261243190569883,0.03991947357692892,0.025190000750322444,0.5007015564397552,0.35104745537455134,0.53264772409355,0.6665819688003667,0.47383704741093724,0.1008246290008244,0.8395133768523197,0.7833768410972962,0.27065932097122564,0.6605855743630885,0.1788132993779577,0.5085801369603278
0.30339052083958457,0.34869258262248237,0.32499370220605867,0.12075276198962394,0.6724243875470536,0.6881845376313115,0.006034763024972155,0.0,0.4740671988399284,0.370909204809645,0.47140199789584225,0.6351631367798305,0.44413692995091697,0.12251409585805284,0.8178549697903414,0.761378223209659,0.30017075230358337,0.7045263190579695,0.2020628525253435,0.5237378615519179
0.28406366322233456,0.33019544053809874,0.3244400454183855,0.07313382610729752,0.7831025917379236,0.7298269429459847,0.02248351369489227,0.0,0.5476856910831158,0.3459716019984605,0.5135525088431226,0.6423645760665192,0.4790336064253131,0.09840844024224682,0.7743907801812795,0.8114984834690081,0.33219083314076736,0.7099269282214098,0.23162549493911924,0.526903693106926
0.3789417539874917,0.30584632048048677,0.31651910535832173,0.1878289151124346,0.8094298411543503,0.7381705012828534,0.012384731922763913,0.0,0.4774876961673603,0.35762489310324197,0.4546673600978678,0.6617687236048062,0.4492594799774414,0.08827335198482834,0.7545995160725573,0.7280695332707666,0.2951958225799496,0.685553996240928,0.22853832166629595,0.49321590469580234
0.32105790655915184,0.27327105291131903,0.32985364836719444,0.19589154779092446,0.8424681070693191,0.7729824999041185,0.0,0.009359152586390264,0.4351390310021768,0.34918787536642937,0.46020698067671273,0.6587501240694608,0.523684612035098,0.10609828663172388,0.8197799012712129,0.8210434949145026,0.3186202370973821,0.6884269789175909,0.19016554069281927,0.5058393172491581
0.2990082347602224,0.30372930228141926,0.32464497905361317,0.12626774912986097,0.792155266616162,0.7945091735510224,0.016633991536567146,0.0,0.513751670298712,0.3480757547591884,0.46626790936303597,0.6384531596858334,0.46068664172305535,0.1209154786237856,0.805659158117387,0.8135134048746316,0.3098623505443201,0.684796153565182,0.18449808687434438,0.508912870089802
0.3264193973220267,0.284484386373721,0.29024675155345403,0.1609412257674138,0.8081419288767493,0.7025951967689177,0.03198206663727189,0.0,0.46685675979075447,0.3551786085645138,0.4630862137710695,0.6198001365884159,0.4767627046928454,0.06678450190354719,0.7949682948936668,0.8134028080983349,0.3191172121304996,0.6826614952131113,0.19300592202364847,0.5124251218840706
0.3166301585092751,0.2925842965058583,0.33238312128778547,0.12701147115735695,0.7209991833673157,0.6416337467887002,0.0,0.05222592668199169,0.5296582638049753,0.36073614938449805,0.47464202531683003,0.7157552237477748,0.48516405469402274,0.10781968464115609,0.8728985337197517,0.7955290094600737,0.28380478916800134,0.713869916412092,0.2434357329845409,0.4824372985385471
0.3133709120140033,0.32765735213261826,0.3327458167453348,0.06653098244496278,0.6921792091628072,0.7389377610361879,0.03618225581462758,0.0,0.48856586909979743,0.32500870176151986,0.46582443594557,0.6471770065531439,0.47422683678641536,0.139526224570522,0.7621279962327467,0.8513191299012435,0.2838919665986884,0.6763900302600472,0.1916268243092016,0.5364116053652993
0.33842500100130274,0.3600971351305422,0.29973427791642837,0.1035270652414537,0.7925039666208776,0.7546768764984321,0.0030055815704460725,0.0035391526245398645,0.5181113972163259,0.3786726721763575,0.4636131681453085,0.6434852221363476,0.4741993919706761,0.11720970889830146,0.8710014808450987,0.8248797386170745,0.3004054378424458,0.694689542771333,0.20234347077450396,0.5185304036869289
0.3427252313014192,0.32184014589468946,0.31575875670895204,0.1252771186708783,0.77088403761197,0.752470884384252,0.010340321478543186,0.0026552599840142833,0.5420450103965647,0.31280673918900403,0.5031694399294665,0.652266689278106,0.48843654572321754,0.10173262440001685,0.8012713561948256,0.7657169123449721,0.26935556425519375,0.6818932766497029,0.18719640587229724,0.5190529868738488
0.3040849655716842,0.2741235081389445,0.3286665798562214,0.10181809125026223,0.7553722187170446,0.7236663376245478,0.030613662460200957,0.0015728638445911616,0.46373423406137837,0.33630375780522204,0.5044758724502633,0.6451454282137794,0.5105243191759256,0.11919212520096685,0.7265771809251651,0.7664328380120942,0.29460518786776685,0.6708942204819757,0.2211664569438796,0.5240692011380079
0.3027254527806596,0.3233380800466042,0.31081372360841275,0.11125386890259856,0.7693685740316495,0.7462376049831967,0.00673127685561024,0.022426934799382046,0.4830218860732278,0.34811461858470194,0.4989859299675063,0.6524545781541097,0.4953501816363459,0.11357489368308048,0.7928318938272344,0.7548130474634146,0.3050575331503133,0.7174035634949354,0.2046657511275097,0.5106827188453197
0.3117484490854507,0.34589894459936954,0.33645956095532026,0.11634401769963541,0.7661592741229103,0.8157722404176124,0.020751497186717312,0.02896285900944099,0.4977298678202881,0.35824711938171894,0.49047997911168656,0.6757389457223284,0.5095702775714709,0.12260803327479443,0.8383798430639777,0.8120513333110235,0.33569271213899543,0.6896034955565292,0.16989698567725314,0.4794537315389806
0.25094236505793244,0.29170651287041854,0.3622774498923872,0.11676486008538155,0.8141908429926781,0.7590867084481254,0.013706183424238152,0.0038809113693681584,0.5461265395710303,0.38152345055482756,0.481854861315591,0.6475090304062715,0.45906761783812994,0.03928205167051168,0.7853977986878012,0.7499944431504018,0.3080543637853964,0.703768801608415,0.1709352765789502,0.49722054536889787
0.2745442681340434,0.3059794849998125,0.29928027934730034,0.12209033961989932,0.8147492792408478,0.7213315787498458,0.02258736013407637,0.0,0.4802485184617866,0.3128341702354978,0.4700593861866818,0.6267457912134448,0.4863472526651072,0.05339631599010205,0.7410088583504643,0.8333356857433342,0.312504569417462,0.6698384824039798,0.1400418330033348,0.4669789320987617
0.36100622802333576,0.3104406458418759,0.2873791079369245,0.07757579734413596,0.7772110176170174,0.7149901091452002,0.0,0.03548880455697807,0.48216488912152977,0.3398461174322058,0.46093684990489814,0.6467671241104278,0.4831049210411656,0.13014487448449713,0.7934194187281532,0.8429189323338218,0.3232895169410001,0.6851612109248705,0.17506035772623152,0.5083014501939817
0.3693490314050385,0.2864530506075328,0.32107637191209754,0.09131935403488255,0.7922901436281464,0.7315073821161134,0.0,0.008093178176066348,0.5143442172666742,0.3074633302440147,0.4872599140686537,0.6407119643718018,0.4870218258335347,0.054841624715156786,0.7657131050443318,0.754839349241982,0.28070684822209885,0.7151217576139001,0.22381837410896518,0.4966157268366891
0.31252891881330863,0.32944841301531574,0.3294312501025229,0.06861662937200122,0.7757031276212388,0.821836998091532,0.03231934012093676,0.04460643629714338,0.48268313822868286,0.35063243947820494,0.456527392149064,0.6784779787449371,0.5075246394127114,0.11204615907157615,0.8196725760435185,0.7825780586162859,0.2966983467525803,0.7517454291169061,0.23971281614036805,0.4991895523294614
0.337296708891673,0.30637155554176654,0.31038267252310464,0.15911262198744802,0.7269415133982691,0.7308349645236901,0.040743628112981004,0.0,0.5045757764869285,0.3554336716900006,0.4601215814164921,0.6734223812947514,0.4755842170041589,0.08943851031903126,0.8309359926427045,0.7906648392544966,0.34850825183607786,0.6604756787121937,0.22056675089651553,0.524080022601713
0.32933750463630607,0.32258597331721084,0.3440652132664207,0.035774122326387006,0.787828233745657,0.7390102827739646,0.0017902659293695736,0.013908064425666406,0.4534538773709562,0.38181591484342503,0.5030582651240961,0.652150500008616,0.4718899326689182,0.0701143226321201,0.7577491836900758,0.8253593264187867,0.2984175555523098,0.6959778440942115,0.21663896601922045,0.4908601192288708
0.4123664242536571,0.283375234665937,0.288227884005535,0.166143613732677,0.680275246557037,0.7158843214531848,0.015119432956577313,0.048372126677524156,0.5664298982766979,0.35241269521786905,0.5180129808344417,0.6244252829036149,0.4906796159483733,0.11048949271442421,0.7717678377953741,0.8543737350243952,0.32232861497564413,0.70824561196287,0.19620421851414052,0.49495753682455845
0.3535872473430373,0.2968762509902977,0.3288583724606322,0.17545397589051373,0.8026945776147941,0.7949491678720982,0.025894385058046032,0.0029347172912368357,0.4595687230907179,0.3708805025888476,0.4878659027633296,0.6254821547312011,0.44443594544868303,0.10603100511149713,0.8302656986042776,0.722580304285257,0.31927475754346213,0.6876779969352143,0.2232474366474196,0.5004394659192644
0.31616247225557703,0.3316714407348331,0.3028827835848221,0.10791277652069514,0.6902738530116983,0.8379918627372338,0.03386435203317408,0.005490131533307279,0.49034741888029376,0.3616767416307812,0.5021291430458928,0.6503024652316911,0.47526295901755644,0.16331027956289135,0.7656462288680417,0.7772727712989327,0.2704377257122462,0.7169904397398824,0.20858834669245654,0.46320015501172734
0.29133378678198724,0.298815005437247,0.34938755812414596,0.015874516486908047,0.7642901643397366,0.7625306524715694,0.0,0.015910233831806776,0.49902556892473715,0.34129503605989664,0.4750830336511203,0.6567264593864256,0.4773160462142909,0.08125566386392333,0.7567136745668802,0.7793593321775861,0.3062095855401187,0.6826653465867937,0.25413346915961377,0.49467872688475995
0.27180661039227283,0.3618089155370022,0.35485030706336235,0.10554757752130838,0.707742302078692,0.7441386451892713,0.002279195060432459,0.0,0.5573806440307039,0.3218207850641592,0.4532465162782463,0.642507543613479,0.46159282767386145,0.14320330360207523,0.7528523547281498,0.7339732058045382,0.3029349494441045,0.7030769532043328,0.19704664057469756,0.45028410175427636
0.3261039090760167,0.2980109144315619,0.29966686824433303,0.11743263354844723,0.7776694491537214,0.7418391416587117,0.0133484124030025,0.0037585613589453427,0.4602546265720178,0.3555000459658362,0.49224343237237167,0.6403966083158553,0.5011411802271315,0.11057268743152944,0.8140815445183248,0.7705955992278376,0.3065991757568087,0.6895585619100327,0.24029024251208395,0.48828956876208524
0.2973094776414709,0.31674054177255656,0.3040088572818284,0.07957607120284346,0.7483037387036046,0.6207846605607127,0.034062803944720985,0.003243698116171939,0.5595111240643625,0.3201579596570927,0.49138578646540126,0.6381440153364271,0.4587551936531343,0.08016934355371863,0.8123663087806986,0.8071107577740245,0.28491775040417877,0.7243886216590955,0.2262234224545358,0.5171037810678566
0.2773323887120698,0.3379777249561927,0.332191757739596,0.09939126424767028,0.6702622020918334,0.7772575432142409,0.0699686096744299,0.0,0.5227153046330607,0.37590414145339285,0.48143337107760487,0.6495321207951211,0.47728253903272405,0.12397739372551736,0.7726381587848383,0.7788528438864177,0.2776616097617568,0.6864727099392879,0.22206329858612478,0.5089453311650214
0.3006028134727242,0.26744902801200904,0.30725738700420974,0.18120780795453406,0.771034981550924,0.7467083207997922,0.015439885463805644,0.03457713100401119,0.5125128597326973,0.3467587579592635,0.47515249083789773,0.6023447529585387,0.48586314450645934,0.11697215513361854,0.8002034158451294,0.7282151532557035,0.29047979999958295,0.6929625240742696,0.1396552602361454,0.4881035937909185
0.28755355989156817,0.2571757356405767,0.31409177564135526,0.14659708649206965,0.7211039611583645,0.7614171025330363,0.0,0.019221560645928705,0.47046098938946135,0.3739035482302283,0.49924421157162197,0.6279734674246058,0.5070690312295224,0.10107529884574148,0.8610852953662053,0.9049633079203966,0.29804410005831594,0.718913780749943,0.22787568684643134,0.5008159643644763
0.37061424905217694,0.26423031056289714,0.3155077684108482,0.083017435424876,0.7940573360406684,0.7044268902958147,0.02804536154402596,0.015012564642066042,0.5171342372611422,0.34039571131735197,0.4602853393314505,0.637458983091053,0.4797888713023829,0.10798886069321871,0.7610375937232712,0.8006471146081673,0.3236996889520063,0.6794392268181427,0.1961747606327254,0.4785002086573919
0.3464491927084835,0.34787752310281544,0.27660653687604686,0.056096033216182714,0.7500662844367204,0.7207771560511455,0.0464199157908142,0.026171420137802333,0.478295401327406,0.35537701572801983,0.46452438842218685,0.6741500638990384,0.4987230718825642,0.08209038906863406,0.7219302956395821,0.794467765204267,0.3363462163945121,0.7013750011352714,0.18668220516695325,0.4999531319370096
0.3197608207605015,0.2934442556232266,0.3147232450781153,0.10691930729560915,0.7697710492694019,0.7194487531748414,0.02216028241959002,0.004712883335930662,0.5379998375959524,0.3541869771466937,0.4598378698647914,0.6337237271614214,0.4940119079455425,0.0752263862423648,0.8182030230288149,0.7460829454773181,0.32793195692446353,0.663549313126268,0.1555126087646626,0.5586064057098502
0.36439832416670076,0.38674597857004755,0.3012054445187165,0.11146172882598246,0.7021215522492394,0.7910811492036519,0.0018670290969141426,0.0,0.470868139126768,0.3490991176397815,0.4816994592527165,0.6536093628366242,0.48246915112338284,0.1227832652146775,0.7955839534439365,0.800428246478851,0.3172037042156369,0.6782413308274184,0.1998323859809545,0.5369160264074386
0.32232104922942856,0.29307257204027837,0.30513754355200456,0.13984796749453265,0.7205333884286319,0.7210620081698453,0.039159878829600384,0.0,0.4966052451663175,0.34134680973206816,0.4582421397578148,0.65453085501862,0.4582097318345309,0.09328181727060178,0.7715989965273959,0.7834314486383402,0.2799131947540082,0.707642625517816,0.20100654790454728,0.5010524426003452
0.2941614739601521,0.3155365390959111,0.3438726400693763,0.09858733149729364,0.7270680681949457,0.8441330161054899,0.0332709123699687,0.010035660822092177,0.48334180735960486,0.35784912036941036,0.4663151563896951,0.6759583301132153,0.451308382781913,0.09759751005252723,0.8260832094941963,0.7144590634913838,0.2918220765002101,0.6801860498092753,0.1609099423455559,0.5032028832983075
0.3656937223180897,0.35626329857703626,0.2898698621144149,0.14045998301447446,0.7928351240121277,0.7615431209507518,0.0,0.0,0.47037431112719014,0.3314767347303358,0.46588488875545603,0.675251548139283,0.4821301080283837,0.10839464787832832,0.8335690057867516,0.7471897823994234,0.30419852104825995,0.6891085413635242,0.15580159481318925,0.480408693707309
0.3361673013105398,0.37018278664477366,0.33126410373495957,0.19740616160240915,0.8338688543902745,0.6762158670002134,0.02762851235068684,0.0,0.5222395945072374,0.3258112934208188,0.4747878333533208,0.6488499406241017,0.46914606252194774,0.10795865034351425,0.7116688792047964,0.8217970407069578,0.2873512192384765,0.7098617280409587,0.21459858440384336,0.483964217840979
0.2888826153702063,0.3718451072990919,0.30942074139336384,0.1526200408977705,0.7097414124128562,0.7335726853374022,0.03994531135317746,0.0,0.516063762422289,0.37485653786653655,0.45025251107192044,0.6404903051762112,0.4983852218336258,0.05712020587077807,0.7738960836267406,0.8677607060000176,0.311544113050559,0.6884162771770613,0.22615115393184132,0.5072436864420938
0.31428983965749174,0.34625098691779427,0.3094047966300833,0.1180764597067691,0.803842407232884,0.7074162438921792,0.04363780085117787,0.05249112459658028,0.53627030596703,0.36454335977784197,0.48174409984074534,0.6367233379434862,0.49491713036197155,0.13858756259364577,0.8927006492478743,0.8046866162017218,0.3144097221650857,0.7164568414643271,0.20570848729767266,0.4895021486872703
0.29373145239845727,0.3407218757743439,0.33080743792103423,0.11267398115786821,0.6415161291137149,0.6302808765089988,0.01867102049381088,0.0,0.44660374675375497,0.35131783217204476,0.5049460730132935,0.6451787355506844,0.47630778011125896,0.10363546455702036,0.8233361966319277,0.8341233311317348,0.3107258012513094,0.7043132557497213,0.23452503949053088,0.5180829918970317
0.2785160080710699,0.3277758084760355,0.3218010258913778,0.10573307463280515,0.6902905299453855,0.8199735470056895,0.012838411076413623,0.006407605571887335,0.5319251210702313,0.38330284765087563,0.4827098274463352,0.641319332913528,0.4568457415211746,0.09392040211533552,0.827044145531886,0.7837697876566716,0.3205026920911516,0.70871366223849,0.19740845046945504,0.5313937136195551
0.3477853264259492,0.3333508322849991,0.3264122599443906,0.16722563649808578,0.7020610771906612,0.7751571271110002,0.04454547644162525,0.04451387585629542,0.5751634671607068,0.3446446896255031,0.5108264228960264,0.6610725481871647,0.4902147109921455,0.1129253801550924,0.8469157711452592,0.7865381535727759,0.2819081757257385,0.7248193119747706,0.19836946176799394,0.5066524156956208
0.37728249921410395,0.293464428510144,0.33436369321065723,0.09490746216194788,0.6823745655279638,0.7666603658949657,0.0,0.012436889282649079,0.4864507673246916,0.3764540643997796,0.5066799637175385,0.6584061963497041,0.459641011077297,0.1070962658084459,0.8006827530079891,0.8336391611047786,0.31865657408184395,0.7063964612522813,0.1724891591377763,0.5020347441167985
0.2780429727854258,0.2854540334973308,0.30837383233633353,0.1218089083599993,0.670820580510621,0.7482701830149852,0.02877158581842011,0.025068349468421854,0.5568544583632691,0.3535114816985164,0.49555470094495707,0.6618360238229003,0.46483072154138266,0.12301188068469107,0.8318673664036649,0.8565110915671788,0.28608709099759605,0.7307769458093868,0.1531927406733885,0.46638440750178695
0.33688907710071714,0.30989876627767143,0.302755265309845,0.12204791607524342,0.7706499456068899,0.6708991215653781,0.0,0.011996526301995358,0.4921051618382052,0.3295049849984722,0.4814937168527377,0.6751856742287234,0.46041168523569687,0.11613951016452824,0.8287224817534882,0.8420438677386249,0.2811812809471423,0.7182252456607564,0.25563986401578753,0.514952204905441
0.3004807229263452,0.30489446132425213,0.293296989468844,0.09992863228753872,0.7392966151136069,0.7158191430222282,0.041307525445192055,0.0,0.4588277078731608,0.386960803835417,0.48045000776490876,0.6872573824280036,0.4772299795612009,0.121535386869888,0.8215616598701104,0.7473454769846073,0.3106423226837276,0.6895309514033108,0.2339389715074924,0.4771265739692188
0.30538623848705915,0.29640315852018173,0.29849178940042087,0.06510137808463595,0.7689702698802555,0.7820890387392007,0.01483908968777677,0.0,0.4908310267277961,0.3698142169324817,0.4952759954472652,0.6524932678681512,0.5034038466814112,0.1405298171718255,0.7871195211753038,0.7873216443873902,0.3243174712439796,0.7258629615004254,0.15822462298584566,0.4916398174273316
0.30222818227283393,0.33089162342370143,0.37398188850617453,0.1329189801447067,0.7845236343060756,0.6874389985108749,0.045371664712949386,0.014109113740726056,0.5314461190302583,0.3475795793798087,0.4721665878099193,0.6719892754279131,0.4798991825955294,0.12650873646912916,0.8068823568946504,0.8011009873790519,0.3097602697275202,0.7052773204180589,0.20467255723493843,0.5191915178477027
0.29408027690960553,0.3386591562571153,0.33989359161473576,0.11755984112578466,0.7632808496586266,0.6134115341874593,0.029828255127110542,0.0,0.47485470553005404,0.36454342519067895,0.4423495849706507,0.6429667963233158,0.47113562615144605,0.09518541339014312,0.776465537427729,0.7796128814596989,0.3004160804754509,0.6921064058267898,0.19699861066689,0.5205951632861806
0.3214556488383448,0.3126522065887554,0.28797851267583957,0.1400096187774628,0.7828881588075187,0.7286446996109537,0.0,0.0,0.4819898402298054,0.34192593132004184,0.4898400810820592,0.6737001396716603,0.4494877013990951,0.06631296531769502,0.8005125721826598,0.8055143017366239,0.3062030765220301,0.7055677139064176,0.19178022580510873,0.49066984945299763
0.2950714965076689,0.35432590243165785,0.2885508408651286,0.09865598774243332,0.7465233856878866,0.732912122298623,0.048492554641544866,2.0254880417762064e-05,0.5178061829687958,0.36658298070119083,0.45737862740130053,0.6712301831435169,0.49104249169459685,0.15003393799013545,0.7532603643160294,0.8228230724667579,0.3027285383613456,0.7222465364878052,0.18772946456555184,0.49182168930160025
0.3281137047733952,0.2757493265759948,0.32463732123436984,0.1688328519525219,0.6906503305847128,0.7467781708207355,0.05102490532855459,0.04489722813246987,0.5000918035021572,0.30217842869432077,0.46075717543619227,0.6701683193988599,0.4643919078814274,0.09286829879958662,0.768375040349082,0.8301123900782057,0.2774809820772921,0.7091009018848444,0.2114380744090394,0.4860136225348666
0.3184928567165259,0.30419021622160847,0.32594529594755933,0.08492904875152621,0.8028907090410398,0.7764259321757268,0.03764572985198431,0.05809675084507946,0.5175386885746023,0.3296039733261081,0.48000447895991577,0.6518813968238305,0.48235035238316193,0.08580677759918434,0.7887075183230029,0.857434806088861,0.2751475971011017,0.736447856651028,0.22454526576414424,0.4760429250934818
0.31283155859400774,0.2884953303819158,0.3259776767063473,0.1884816113607157,0.7205443933609437,0.7718802906115604,0.004768242699275602,0.014344158750568018,0.50713488622275,0.3695851948857392,0.47809750244893057,0.6366328367201822,0.47291562768166717,0.04789819546706683,0.762251782742797,0.7768223558110067,0.2984234824105309,0.7217306111579764,0.21207173507084617,0.48730409035791517
0.2927730901387521,0.2540039014878082,0.309900884128926,0.050094539606869534,0.7032201850618787,0.7529384902621961,0.013879720912851824,0.0007046555217654453,0.5143887595865472,0.3450068892356216,0.4517584878736874,0.6221094312426905,0.4967635443919887,0.11015419315936335,0.779799309170193,0.7354386734064274,0.30159713671538607,0.7104632006680432,0.1963844487686242,0.46773739962170624
0.30269686008295005,0.307519579424719,0.312490914799942,0.13739080258227565,0.7411041062097801,0.7997765694043355,0.02290854434811519,0.0,0.48703096442571375,0.3541508458977748,0.4833098312826628,0.649199255849578,0.4768552721594289,0.10446659811861311,0.7934429609297794,0.8043293837605782,0.3002266475673547,0.6794786383451769,0.19528319849326642,0.5136612516301653
0.3426617367747727,0.3063475747485015,0.32155759048318716,0.13901722730106494,0.7043594540351743,0.6640515109593342,0.0059257920133713345,0.01937080323092138,0.5069519282609117,0.3230642867576913,0.49932279321722095,0.6806602508449837,0.47882147290953897,0.05454655191251559,0.8160904937865752,0.8653524412473921,0.31352203227299824,0.6964053497197975,0.22810442950768,0.5078904721032376
0.33502751562873145,0.3554034922972639,0.3167178601258666,0.0881777172823647,0.7291284809005284,0.7652290907238695,0.0538469314492641,0.04565811200130288,0.47217880982912197,0.386957339914042,0.4574331685946843,0.6438031019727185,0.48971494294910917,0.11359822126399528,0.8379702920741164,0.7709209656018376,0.2956904656767132,0.7014332827950169,0.2139033481434819,0.5112105856974103
0.2906733426560435,0.3289243505366433,0.2706139925450493,0.1369757575144405,0.7672026960781734,0.7713269181668471,0.022886529434520738,0.005053192259496865,0.5386530086751017,0.37381059287435353,0.5054496666169752,0.6657025317092011,0.5221388036452637,0.08505424237895684,0.7814486251448757,0.8174738790825489,0.3112595836380971,0.7139326300243549,0.202180683891063,0.48091191898849717
0.3229799691628768,0.2792743952701239,0.3104040073884961,0.17118074679040635,0.7674170869623064,0.678021885695988,0.0,0.0,0.4809717584954806,0.3459862956324934,0.4487965834974011,0.6668790280103787,0.4977689386071711,0.1807094502186608,0.853404184690745,0.8178298316989058,0.297108264653471,0.7127466608254438,0.19892296107199678,0.4760985887296989
0.34254161370115366,0.36562277699002566,0.29797187131479375,0.03132724642583741,0.7051084966787186,0.6648564695658805,0.026787116255124407,0.023400993436310476,0.5338654246264817,0.34190608286273344,0.522346482887419,0.6443262755814566,0.4782278778730278,0.08291916423727397,0.8375444431450197,0.7976576818937844,0.33646717924072933,0.7033908082043657,0.21035811528836867,0.5010702854862712
0.26991784156635884,0.3466310108657606,0.3185042283781702,0.14010979229963258,0.7256147313525627,0.70270289367622,0.013036852063653737,0.029707994229000986,0.49299179117051406,0.3705920872283938,0.4717747913903303,0.6763268967503904,0.48006395981230576,0.08694420003406621,0.8201637532777577,0.7902769888417486,0.30161427453452894,0.7024069983075434,0.18594953934321654,0.5012820512990045
0.33630080577139804,0.32746293110405844,0.3747051800520682,0.020269167186796888,0.8037166502385122,0.7069229278742354,0.018501468877631044,0.0,0.5060599703227197,0.3896494090033785,0.4829123399365378,0.59182678511039,0.4695028107935113,0.07375671327236898,0.8061459651718648,0.7530628317711443,0.34681445223051355,0.7144091379015214,0.22464616451924632,0.4970546034497411
0.3001212872316246,0.30320547703450507,0.32234963330948607,0.08137340785907167,0.7748200058866971,0.7776709731751216,0.01262761268428601,0.013529683673259057,0.48515106347327897,0.36907520511622705,0.44215932855028656,0.6255449944252365,0.46100008592960606,0.13833629563125915,0.8127648336747417,0.698733517103177,0.3070402318218173,0.6828282754874002,0.167724243144864,0.49421033461624303
0.33711796005779476,0.2812168228982956,0.30872940627655204,0.18516665459603782,0.8537532519674271,0.7092730608154453,0.03614092833213375,0.019024520322721977,0.46952013706495915,0.393436053347932,0.4787572786706138,0.6316873540728308,0.46894498425867354,0.08881672616605742,0.8474820460266553,0.7455259717334389,0.29572645658823565,0.733910316384997,0.18765630470700556,0.5342155155538877
0.2971022253037245,0.2988337967178684,0.33343603003954503,0.09672871866431784,0.8090064086870764,0.6971825740859398,0.04239375557106763,0.00853785395982123,0.447657188371841,0.3315529734187616,0.4845696435543638,0.6336056995426522,0.4645570207257611,0.0782525753870351,0.848943186390371,0.774387834035532,0.2820110404748065,0.6590566622967305,0.21833318286338074,0.5085205002358596
0.2658535369800644,0.3426624585911256,0.32465375774418426,0.07304480142364109,0.8072146534279969,0.709418313165272,0.025661063245173074,0.0,0.4683402752422262,0.33361226339002414,0.4782767579180101,0.6567252590237179,0.4930673676759177,0.12120865029761628,0.8533978691353458,0.8338969074969083,0.2711422285188461,0.7291081896434406,0.16601351559937183,0.5394135678293298
0.2711737268635051,0.36653758917803825,0.32340188980903684,0.11208249084061273,0.6806065724772099,0.7959316167077106,0.013213776257236819,0.030318744471271128,0.4902827344035223,0.326221177638933,0.4687383784589525,0.655800756061078,0.45857610284262024,0.05858941193760445,0.8016530732750802,0.785874877505945,0.28017115431207684,0.6990962894314967,0.152809743720515,0.5253793005086327
0.3214425483998415,0.35629730584816566,0.32713701186431343,0.2027162535265421,0.7881930175816712,0.7406521687188476,0.019173255903816595,0.0019324050806263475,0.5063563753648666,0.35883521299298954,0.4610687096294437,0.6578798114435002,0.5066642112276009,0.11875331638746843,0.8221986865999446,0.7692389712432741,0.28240787381672017,0.7200515962854318,0.2018923302628772,0.534065418520347
0.32779167505164447,0.29533451734641175,0.3561308712965908,0.046732710111758946,0.7473446599151544,0.7310374487321544,0.020391992331552568,0.0,0.5303113793984979,0.3535120709960874,0.5026105323907462,0.6619216298826498,0.49504092767237656,0.15344199149802573,0.8537418602648821,0.7543605823218629,0.3078964004082435,0.7072768086858522,0.14910625536660588,0.47851074467287996
0.29287050124686775,0.2764114770013297,0.2923822312934817,0.07794760353442622,0.7224509098230876,0.7344997250649474,0.003951399202703262,0.0,0.48662727620609453,0.34696097753056027,0.480616142699959,0.630997908617087,0.4804100345873534,0.11699823498505267,0.7750513586033443,0.8162722331403792,0.2894766925787962,0.706920688218216,0.16103589337844418,0.5118634198199606
0.33915777376332124,0.3142265874073361,0.32447264153622907,0.17989726732718506,0.7584007670266264,0.8046030167163262,0.0315785729714247,0.035216990399986194,0.4735411770719848,0.36618517256246597,0.5108150475303355,0.6256364786638536,0.48000637222930137,0.11913694948779775,0.7872633258512679,0.8443342866572242,0.30373854105108994,0.7110850895205304,0.22269782355519296,0.4913646902201325
0.2701543981319312,0.25694681903311445,0.29647237740036925,0.1943080937415093,0.7972605767305742,0.7025414136698379,0.029200846477209323,0.022333279529422365,0.45671855641991865,0.37464657210429325,0.4694703529041015,0.6579263936401573,0.4688543738077089,0.12610180650722452,0.8006414665205391,0.8325374288746984,0.32563956724753373,0.7161810857817555,0.19385644227182794,0.46673226577280935
0.3180176060405805,0.31969503142554345,0.326110252926845,0.11586275102838864,0.7750415795502106,0.8057754145470052,0.05080882479553347,0.011759470942583379,0.5144019085371231,0.3194867518142631,0.47130410613255563,0.6373953585270712,0.4854016882269553,0.15129124086026557,0.8359839495191763,0.8142459879903388,0.2982438329673029,0.6934233834682552,0.23856460849126956,0.5299200633911105
0.2836695140071263,0.3055719224110399,0.2966262697702781,0.07043789189893429,0.706076309932897,0.7505248149460751,0.0451069956057695,0.001194507262983929,0.5414958354598803,0.33806055944197766,0.49631188489192324,0.6185904990926406,0.5017618492641718,0.13629681880057315,0.836606886028745,0.7309754901446824,0.3415831339693361,0.7206959826105247,0.16385556977187637,0.4941261494858874
0.3004449167659352,0.2960189049439527,0.3066526637278983,0.20383374007236638,0.787122945679631,0.7319790309012326,0.006286501648197395,0.0,0.5379899080386886,0.3664028718824612,0.4475405007599287,0.6694268856908296,0.4659368707548837,0.11319009166819072,0.7907654355520827,0.7759330302862492,0.276483780393216,0.6783105875284243,0.19718142903103147,0.47889796739466634
0.3214219601394924,0.26215890798199615,0.3090982017152419,0.18377769566996788,0.7181206228962018,0.8650450248967141,0.0364059674901793,0.0,0.5212979824444172,0.34064522632282834,0.45573073279694154,0.677902038130046,0.44933215822162537,0.12711674201908005,0.7396556218248116,0.8678921691555871,0.29698832903250144,0.6998933885334775,0.2119875365962328,0.49170872273502614
0.29418759904148145,0.3254080031970915,0.3345163343868942,0.1471578795104893,0.7608341559482144,0.6872180255100702,0.0009809323381105677,0.0013708871088023034,0.519156299518028,0.3340358784728369,0.5019496994270632,0.6811432177939732,0.49406436509713486,0.0734219522360467,0.8098473577718387,0.834878019676609,0.2892137415277804,0.7167193984854455,0.16488455209613273,0.4840755175445236
0.30846333367310524,0.29401897481014266,0.3333690888788483,0.08750390604250319,0.7348324966261433,0.7223157120216497,0.033918642018816995,0.0,0.5509287133912802,0.3703707485530079,0.45656132141553607,0.6537401544294944,0.486487319484876,0.12328880772241967,0.763267354506864,0.728499871270611,0.31873013212114015,0.7199003515923177,0.23095285713498875,0.4861260406476667
0.35018878427643324,0.27490249492869134,0.2900856524710723,0.11803882636647853,0.7390566874132187,0.6783784380418,0.009667716024797844,0.0,0.5099624438425043,0.32420999860552036,0.44361897969394903,0.6625186419194581,0.4575960239711764,0.06983332086448758,0.7404025518143912,0.7877763790720291,0.2552041673926776,0.709215776965228,0.21532036649498118,0.495567932196347
0.3026932439143055,0.22383213360155052,0.316098682219997,0.11358559675820676,0.7883121487520255,0.7876230985268085,0.0,0.0037812496729781233,0.5193838902807252,0.3439684038441779,0.5173705437614617,0.6773973644672382,0.4653321725817176,0.0889893274410512,0.7494451375706513,0.8045239373064416,0.27113769421644374,0.6921321512408852,0.151721387399377,0.5346163038608949
0.34507076336195425,0.3091745528484809,0.30080840290501654,0.13323405218462311,0.6979903140092051,0.824459446682584,0.02560090685394809,0.022197600943808377,0.49037648414444,0.35657288051609615,0.4521236470425159,0.6371716841995313,0.4628179145189972,0.007523134745702889,0.8130552403138225,0.7595136614789513,0.29785306355098073,0.717934155567374,0.198867746113742,0.4866736556691075
0.2861087943602715,0.3631675479000923,0.2898299017864933,0.17804005752525343,0.8472597537138467,0.823496139070232,0.0,0.009201470732532725,0.45913869887435727,0.33852360172179763,0.4836823879665634,0.6722135536810818,0.465509354619315,0.11204288978102386,0.8544414944373123,0.6976318391436461,0.33102755442018983,0.6866126752176249,0.211578702087759,0.5331854132843838
0.3358941253374585,0.3598377764364361,0.3106596589915126,0.15517668164549614,0.6589456965352751,0.8011974376573002,0.0,0.025898462277511178,0.4794845329850127,0.36566311312026345,0.4813817038544854,0.6555079246828642,0.4735263449191762,0.08068383966674943,0.8015557806494498,0.7939529618006573,0.30451683668074614,0.7350281814749782,0.1822982997941583,0.5169767359195905
0.363247058619737,0.29628711230241184,0.3088303442308836,0.07690495692060967,0.7201166158372572,0.7301189766102018,0.016450162324514336,0.03698270210226859,0.49972522884396037,0.3386224604960526,0.4237874336676383,0.6682742330468519,0.474669053914385,0.1333343564561339,0.8084552261858386,0.7584896696951825,0.2729690509147153,0.6983065820500066,0.1556040528347356,0.5079254312717217
0.24585066499618133,0.2919336381891466,0.36353432972691047,0.1750598580007815,0.768510594497087,0.7217379511255076,0.02164883533269685,0.031163401876482033,0.5018235611750391,0.3781723898689184,0.4746536595366438,0.6537218604175187,0.4669841268986308,0.11170577831816209,0.8473157975551171,0.7586463304366127,0.2760566681461954,0.6692074861158808,0.20835376368342232,0.5149624006450375
0.2960931423358857,0.3240632276822507,0.3236591965072139,0.1325252856005262,0.7792157083217655,0.6564415113752967,0.012613624596836223,0.019410196947571137,0.5577885756456618,0.34748507405008455,0.4889682649895822,0.67592513419496,0.4648367236100014,0.13372287684104878,0.7382218036366579,0.7758127856027697,0.3334597940568991,0.676106330639669,0.2663372885084768,0.5002731132767492
0.3373121638154162,0.28004843682435127,0.28744764998491523,0.14748263183435664,0.7449762139714148,0.8417936767590897,0.0,0.010237253583615684,0.5024383150277321,0.36342540273410706,0.4870861876303772,0.6544704752508308,0.4754243131216124,0.06749210365982387,0.8208070568640109,0.7846529634138075,0.28757730402407516,0.7008728727375917,0.1883904770252693,0.5257210020772686
0.31390863841871025,0.319053756994584,0.30370451991658115,0.17866163437114413,0.7471304648499228,0.7634489039074234,0.003642163157229889,0.0,0.5353653033207693,0.3649204790596563,0.49807041367607,0.6203204188106517,0.48335383069719123,0.13115158111478897,0.7995364086272472,0.7896366882361726,0.2811407325510047,0.7027965054265211,0.24707723543854127,0.5113396052653421
0.3311343762011393,0.3329824083515407,0.33542766590858797,0.07553679001945796,0.7705275042663808,0.7154021547565258,0.02782418654474788,0.024798881027586324,0.4869476827527105,0.3374491999451185,0.4722501737018913,0.6790385326462944,0.4736740692727031,0.1631756903308998,0.8226422983532827,0.7546404040431199,0.3295474512126172,0.7393931336990218,0.17743133534715597,0.46670668029948975
0.3018804443985254,0.34680799671652923,0.3567688554573985,0.11856697685174147,0.738446526127116,0.8064028444493484,0.03163563541256725,0.04359494764443059,0.490649723427043,0.3089302690268822,0.4942500888418432,0.6310493851805578,0.503173340466826,0.12292474899795683,0.7806606436638474,0.781191618814637,0.3202219401117398,0.6792300132477155,0.20646636905029855,0.5059250386377993
0.322597693624187,0.3069953777056014,0.28328033375524087,0.09874181794563139,0.8196590628967453,0.691361774162,0.019675537648081175,0.016842120793008362,0.46012977088329654,0.3572151150932767,0.46621341863839855,0.6750611642048783,0.4901617542884157,0.12371047026076867,0.7672825083829408,0.7197030651838898,0.3254811928653359,0.7007892439860786,0.2231456759262836,0.5156794628598523
0.3153296829382376,0.30388978749469103,0.2774015122972191,0.05728562298538176,0.7919674557115801,0.7603311017111337,0.04313667562073978,0.048345182968522464,0.47773015961370285,0.35144576694249735,0.4517906516717445,0.6481951423711936,0.44818308286282604,0.10508793029184806,0.8056203561714242,0.8024415626147232,0.28099916239468364,0.6788115718583588,0.19974759002085907,0.49421997562797565
0.35503346184979423,0.28366052239730316,0.35241930350743567,0.1338683991041968,0.7936412175502817,0.7313685432854583,0.02794794046918469,0.0,0.5158094417409126,0.3611165205515025,0.45404543248637536,0.6735202197039541,0.49047455530827705,0.08425993658303908,0.8659676529333785,0.6757489834663537,0.2694978871797128,0.6901469029357319,0.19106793053356308,0.5025251174542786
0.3276326252990364,0.2851935893788042,0.32279228354741807,0.22046226206337693,0.7016921638314791,0.7719338569940151,0.005050886920835756,0.0,0.500226805411824,0.34546945055234324,0.4507577908960917,0.6726953722973353,0.49211087965171163,0.12283577118104527,0.8344364041816585,0.7784203967826553,0.3026633297872541,0.7336794406013867,0.22178382564051122,0.48774284010651187
0.33012807986225606,0.3032056332429542,0.2976341453624727,0.04639689021976988,0.7460305787797149,0.7368213230406939,0.014389958931767654,0.02710403015496525,0.528288158596917,0.34139144602398563,0.5001917193578238,0.6586028594863075,0.47130530063751613,0.054817512687937955,0.7796922891927964,0.8267674461470782,0.30670252266147324,0.6772732755368801,0.25674365345807665,0.4724474868787288
0.307643691016326,0.32102096520448536,0.3256925817224487,0.11870877555802119,0.7349767025639649,0.6674536054444388,0.0,0.015285804203065021,0.5054376184503515,0.39016946021963395,0.44970852981882886,0.6601707063525426,0.4500960482539369,0.08746734625237551,0.7463611185607488,0.747626372509007,0.3072920360740966,0.7117408484813567,0.20901760773917394,0.4689924625813752
0.3053718132778252,0.3374075387869975,0.26228504521966245,0.14562171740299093,0.6997199312155267,0.7437788186335019,0.017837220192171665,0.036275643531436155,0.48942638805086774,0.3205529187697844,0.48548077681298607,0.6584525723438514,0.4801613351882227,0.04686829592988454,0.7327173086520886,0.8186572081462961,0.32956367871278003,0.7078581471802878,0.1845181947040896,0.46925864025862274
0.3070232543654114,0.28590463147958967,0.31506751013194323,0.12492312806624724,0.7680082091972883,0.7924432070937681,0.04224201238442677,0.009690567185465208,0.5644489059136087,0.3646790095672848,0.4746815161185513,0.6097235048743784,0.4798458269703551,0.07889030868054753,0.8526439780740193,0.8362293084848357,0.26532465819983503,0.6995165714728357,0.19430745328220952,0.5133808948494106
0.3318335642713489,0.35478065706878564,0.3215564234568617,0.11547487789937037,0.7231177121110092,0.7385391797073008,0.033705801694219356,0.0,0.49718289293860857,0.33850796283633217,0.47794702853098736,0.6523666043779641,0.4575670752693361,0.11926135275680684,0.7617967084745669,0.6576840019001045,0.3171939010259553,0.7103887324638347,0.27559122936936126,0.4501943658324734
0.3073704655753921,0.30186629196872294,0.3334854027907566,0.06803134546216702,0.7827701914925118,0.7787557560794542,0.04804018651838244,0.005728135155899151,0.5348900290911591,0.3432844276451915,0.5072721459039939,0.6276787164785621,0.45097561567480127,0.11516180128661391,0.7869794634802025,0.7839454838569704,0.27806749911705364,0.6767995923611342,0.20404721349014385,0.4866704014607304
0.3286932457068924,0.3093589811695469,0.29472208095414926,0.12931146971760654,0.6964904218552834,0.6877235257162974,0.013942295124020138,0.0,0.48796372380365965,0.3436579433485207,0.4712314526556945,0.6534237428749132,0.4782489290709312,0.10152741086606419,0.8528484450431031,0.674969062894869,0.31711470641721684,0.7331264501560711,0.18216758904266084,0.48468693429509246
0.38226202395936315,0.2875836496255653,0.31671374322806717,0.08972944091936294,0.8359520306420911,0.7386869603365074,0.04692199589028516,0.0,0.521287984381507,0.3339313145165748,0.4922320312309936,0.6271411490723358,0.47533845615898357,0.10511202982186033,0.7354439417808404,0.7852716621771622,0.2905008659095724,0.7384969099024704,0.16564796250552383,0.4943568092802507
0.34613374110295075,0.23727279219181174,0.29649150747880826,0.03240313180085787,0.7051833670703969,0.7087744772455711,0.0161339154710406,0.0294488799583602,0.5278404697745506,0.3614244842047248,0.4807512670276222,0.6263009611754785,0.4716546926935521,0.04342406146407373,0.8596905803790024,0.789713151560747,0.28372056408218976,0.7009420939551863,0.14522296717662184,0.46287136900127596
0.3102192940349648,0.3365213618908315,0.32010767511348637,0.16778368882054923,0.7609651168600218,0.7773490420052355,0.04943170165139788,0.0274557482893922,0.5062547591172675,0.37781287191899915,0.47695962188734603,0.6820986900350781,0.47833178530506876,0.08882313158287256,0.7898543818443,0.6906982405635664,0.28780194586101593,0.7484621226122711,0.21090752821538572,0.5080777618948124
0.35603641766491834,0.332105316912773,0.2970930735527395,0.1583354327936817,0.7895929655194034,0.7415745781130998,0.01956286505115753,0.017260085696121537,0.4293655123191019,0.35940027322493323,0.5259993824877295,0.6713889477624838,0.4579444725235936,0.07955945180694371,0.7540566673904505,0.8669935344831947,0.27108779598446875,0.6920194413690015,0.2196392597847351,0.474536772116802
0.3077577388093535,0.30156017328645357,0.30683798321679556,0.12206643907404319,0.7214679784899943,0.7745036838168307,0.034144627476085536,0.0,0.5005475738256834,0.3520676399242419,0.4511731650856926,0.6499171483011169,0.4713035877426777,0.08022820928456378,0.7901059629140436,0.801440632305385,0.30080857879666933,0.7080086398771256,0.1880991146010438,0.5226481108141854
0.2588562639446644,0.31200972151674616,0.29508369210419544,0.1291629875282281,0.7926234321716475,0.7943855213078933,0.049502247286197114,0.0028319284897422295,0.5369138014327992,0.330271190018015,0.5057826367087489,0.6536953730049805,0.49066650061228695,0.11798735883441261,0.771096128743941,0.7560390627167186,0.2845465321867908,0.7286377812754903,0.1995508874590714,0.48756468624822336
0.2897574106724779,0.325478176531123,0.32802272483647316,0.16297272050862244,0.6885408201099792,0.7745809287560694,0.016131447428375887,0.0,0.5158244249908319,0.360336505316489,0.49312813130979943,0.6450416794851398,0.4730005983929742,0.07418478020484069,0.8176327919562286,0.8486151770999407,0.31572596461800556,0.6908199107955417,0.1648861487213413,0.4980877395317616
0.26387624236922436,0.26312362429340375,0.3321690223331333,0.1289735862711233,0.822605884959128,0.7536559217146822,0.024367779750883483,0.033530665075755306,0.5133751662568774,0.39312699263458595,0.4704095001073643,0.6613975275195905,0.44656055056414895,0.08185957449617767,0.774074702644489,0.7181754711743074,0.3128011216206583,0.6723690188224112,0.20398785394482505,0.5000754771311041
0.30945459547876075,0.2941284196796112,0.3103075886008517,0.15616070219045258,0.750707463248288,0.6900893870744297,0.04577726850412604,0.0,0.44833229198127444,0.34238610752409815,0.5125863703488323,0.6364789126690239,0.47054615444552855,0.037387922628714515,0.7235343115632383,0.7408331586592674,0.3337631410580558,0.6677656586876228,0.21444485961701373,0.5048848210572114
0.32055255137568656,0.3338279403886548,0.31576475989920055,0.10810071196504599,0.720179429601556,0.7398606944666549,0.01733993672139873,0.0,0.4783863478797482,0.34248032841296266,0.44303779775222923,0.6698748052573592,0.4585968307298628,0.09117630458871492,0.7911774986236405,0.6980217790532041,0.3073265496708215,0.7412165312780531,0.18394507198497087,0.5007402875499228
0.3702931193682585,0.27237131730492253,0.28602817170732914,0.17247934954295785,0.7350409113786283,0.7133454798992084,0.0,0.010595923302428489,0.5123407289345432,0.33877821738038005,0.46956466685401854,0.6449382631797178,0.4853427259292346,0.06736487356859142,0.7457381979085385,0.8620418078615734,0.3104135553416015,0.6894195069872244,0.2507135800875752,0.49145778902534737
0.3298078212129249,0.31880673796499887,0.3090064670398643,0.13283142903730735,0.7904459634696359,0.7227968021647887,0.0628601410916982,0.0,0.5123114983036068,0.3402117153101116,0.45583035591461846,0.6416030600833754,0.4863767480676085,0.10237608786068932,0.8081727953595328,0.8032938548588802,0.32800199623655624,0.69628526473163,0.17488681019759267,0.5068609706138809
0.31342698413573405,0.26930254586129787,0.31399590765916513,0.12776207774423495,0.7207772354074781,0.7212732924624874,0.010604710713257264,0.039674878204074136,0.5364400034039871,0.2950940089265523,0.4882416692974292,0.6504342603696969,0.44682450749827934,0.07146675859772607,0.7525147867086671,0.8163760715939399,0.2874467460794661,0.6777447184335789,0.20850429812056948,0.5093229426098991
0.3448821674355047,0.3239928994730058,0.3674158618205995,0.0691975564515187,0.7125321155288611,0.6910037212608877,0.02317512101875086,0.0,0.49565399734561716,0.3581007077171142,0.4577387179762564,0.6381770634014878,0.4951802594116438,0.10313626736647649,0.7804794878731166,0.8020400493567391,0.27023483574353935,0.7189667855865838,0.22544951659113818,0.4846973066578076
0.25366594072976345,0.3089307555310755,0.29276065948451674,0.13147823417206833,0.7389231701208131,0.6421330705433005,0.04312013338902254,0.0,0.5121747226002145,0.3330889564729077,0.48866127893482636,0.6565736469899297,0.4577562739744288,0.09565942717772971,0.8073035121685735,0.8129507104457834,0.3040018811825679,0.6843688028155083,0.19768131499551853,0.5085273563794711
0.327068436743257,0.2615460455228347,0.34428354477504874,0.08672180330022194,0.6911518943615016,0.7065928475836116,0.007830121925375964,0.0,0.5004912272579388,0.317794737624164,0.4762712716835689,0.639252748213732,0.511183645809647,0.15016125319126963,0.7915016509986292,0.7931231085558396,0.2715473306157119,0.6901747394467735,0.19434569543316527,0.5238344060480339
0.343125955816609,0.3449421806337151,0.3349371754693162,0.09446869093886023,0.8410271953970908,0.7496689725962079,0.0,0.009384269951731696,0.4703917179049533,0.36506379899465097,0.47041292114687827,0.6593704720563768,0.47902447470998766,0.11491653941359581,0.8100172113200418,0.8008368537082977,0.3490787734585078,0.7059904083883232,0.15713401548651015,0.514117883922091
0.27564241262660477,0.2879622526960585,0.32061272808980273,0.08738497486735515,0.7216802704392639,0.6725911477286255,0.025074745935496662,0.0,0.4323262600671576,0.32835964429916126,0.4877729449206662,0.6743201307782296,0.45507213002921676,0.04481086382313092,0.8272114866287104,0.794304137448918,0.32910996584157887,0.6787190814550885,0.24072024487148852,0.5186475048329438
0.3543126212962079,0.2856924268895686,0.3501724096839027,0.07735060272403099,0.7915808393090202,0.7407841118235812,0.0,0.0,0.5129302907639023,0.3432266189223248,0.4746275675212387,0.6356135662638366,0.45716027858614633,0.06205333467691875,0.7536826520107478,0.7656563277772289,0.3432795266660316,0.6964283546097154,0.19490320394997213,0.503438416978149
0.3301548922248324,0.3160170759169283,0.32244210945213725,0.20499085612067847,0.7604735041823887,0.8350134212155482,0.014241878462641595,0.033784529225115704,0.5052184162523844,0.3793288478237716,0.4582273031388192,0.6473884908540966,0.4869619058357469,0.10165624026977,0.7974240983750117,0.7881350093914132,0.3012489395332626,0.7280441917900653,0.21612096274804476,0.4812769910785024
0.307541362582976,0.3444591204828614,0.3227831839133586,0.1732535624795361,0.7007732974759016,0.791152827762612,0.024900773286308117,0.023344902948584836,0.48145474873699495,0.3218156840395097,0.5360274597926995,0.6592266142607085,0.47217400220203243,0.07210456154822048,0.6668198480996749,0.8009437829304671,0.31101147187403194,0.7085650879503372,0.22018161463580424,0.4838071108059271
0.3389834559831886,0.2795253454306481,0.31393758693964907,0.19681470008577046,0.7497022645393635,0.8221770754560265,0.014600962063496717,0.009435642421255405,0.45142480830452403,0.31934803530804473,0.4702566563394171,0.6412828529003719,0.47806692180763716,0.010948947092924446,0.809893332067301,0.7944219647820853,0.2908104913609471,0.7026108458485671,0.18115104523946743,0.5063977593570882
0.3881207857341319,0.31185039549543914,0.33947137764837254,0.07108419921777744,0.7892001389655374,0.7595563938466363,0.0,0.037286524883417334,0.5188921854322621,0.35538612379124673,0.4356478183969597,0.6592864112165333,0.5122556046539408,0.1404863894150123,0.7879674347850063,0.7308891156898674,0.317658496111735,0.7042972941892772,0.19407414187126357,0.5188552745030462
0.3254559876517549,0.3228644950099172,0.3369293846762177,0.12285014999643569,0.7405869332456847,0.7983754911493223,0.05188355912408024,0.02325072066797226,0.4920223977741334,0.37298974728020734,0.4631580262055722,0.6611079772130348,0.46601511871541845,0.12160672050716223,0.7606620094608811,0.7362005332556637,0.27568913575897885,0.6922172980804687,0.24003447052230512,0.5557182382798811
0.3274466175890101,0.33079316821789434,0.30248645425007575,0.06825969499183616,0.8096556472925514,0.7038017634766106,0.022070763078983507,0.0,0.5167062416710444,0.3185131656453607,0.45465446623254535,0.6716652355258861,0.4811992571539141,0.11562930620475315,0.812628776891861,0.8333136573566556,0.2491381362105044,0.7399230463950984,0.16648407002778665,0.5196364388887721
0.3062191730137927,0.31529324665831676,0.2886150561080246,0.09217220491211743,0.8010757696390932,0.7077829866489008,0.04862304235523482,0.0,0.5559214559123528,0.3581537947367435,0.4965229123208103,0.6378801990783017,0.508396889747461,0.08178030863587255,0.8469079030874027,0.777720238164664,0.28418578761022867,0.6837568573893186,0.2638375422427177,0.47659128485005
0.29450466891605626,0.2989891648275003,0.31094038725208684,0.083274920663337,0.7959457427329165,0.6030429896931263,0.014799274996391106,0.02635963088907723,0.4357570735904088,0.3616199907992338,0.4864330531918317,0.6311444951953905,0.485410269509328,0.11283030313029789,0.7809592900960424,0.8133890138814377,0.27089053048765366,0.7042185232392786,0.1776538164417118,0.4846545485528003
0.3449100744963274,0.2851722933805384,0.2989992287120471,0.16958336025766246,0.7270171613863502,0.799307273702115,0.002399760366184722,0.01792733912934702,0.47901197573892906,0.30881679032615356,0.48797425603580685,0.6438484522087251,0.44786794529283985,0.07886919027337355,0.7622074203903313,0.7463152036111041,0.3295585347231907,0.7023005113268561,0.16461447630078466,0.5455703463191199
0.294317485222734,0.31258431649139123,0.3137295085076929,0.1041508128759296,0.6960078776109256,0.8170161989909943,0.025383618405103198,0.013394955359413235,0.4937187316006426,0.3659700267581444,0.4725995506832551,0.630644953209058,0.49010778023464274,0.10614571900653073,0.8066010104975485,0.7310741649341388,0.3363135491016063,0.7201752501426627,0.20396927062065606,0.49571222136046444
0.3221469871165818,0.2778358296404318,0.3397487626936828,0.16273517334776066,0.7193206197318602,0.7123411377326365,0.015684257473435607,0.0,0.5436447852243995,0.36753211759684357,0.47441299505886153,0.66128996408095,0.4567399428443311,0.07238250322490568,0.7465757333341456,0.7562561354987315,0.27194141855173776,0.7220634787758727,0.26625044793019614,0.5009502926952257
0.3056702765970465,0.22235948549516177,0.3058539668982642,0.1441648355835407,0.759812047033336,0.7273024146801382,0.0,0.022158951340115078,0.45090790942380543,0.3437642885348795,0.4725813779278466,0.6267649739964718,0.5081361505746593,0.14548865351668044,0.7735847451785784,0.7810973971691435,0.3258343121504248,0.6993596239102585,0.14267102193223385,0.4807916615918154
0.33436939477239175,0.32309679412473,0.3141435323737685,0.21214555008419156,0.7772893356766177,0.7023068943154519,0.04939568517574991,0.0,0.5580758307704181,0.3750469272459601,0.4783761363172906,0.6966603283650538,0.4635426479000404,0.05289290037754467,0.8488960864660201,0.7633943880286236,0.3190276996700154,0.705813329862261,0.19576952844530926,0.5313020681114848
0.3300098631586085,0.3371180452325859,0.3161604546961679,0.06082223107441104,0.6414214297619776,0.7591326775738746,0.007554595542120079,0.007960266908126441,0.5040756770469887,0.3727291114864969,0.4967066687072967,0.675918557231475,0.5393901901549133,0.13696851488532494,0.8024871691924915,0.8417573409242286,0.26860446630562246,0.706570695078279,0.21428795051769667,0.5100066641464125
0.351126198327737,0.23911202693374484,0.3319686176441057,0.17036932959147194,0.7495943399194125,0.796246627265162,0.0,0.0389388829277396,0.49711998014798425,0.3520623585143441,0.4867215082501069,0.6502515153920063,0.5093475197665536,0.10116747484051991,0.7248213214421534,0.7971809320614985,0.29219464938136763,0.6545571668885878,0.20100949875606594,0.48450797304229376
0.3046995080343576,0.27970807885870186,0.2700622133203079,0.1658576348160291,0.7579044612661592,0.6528614013059479,0.04656332107914665,0.0,0.4940582071034328,0.3409710921935013,0.4900022565924173,0.6673478898599595,0.46406774860744043,0.08531599013974028,0.728120334108824,0.8639575447424743,0.2883967255575096,0.6682202079504445,0.2114576501000903,0.48012349422285455
0.31190375194119885,0.32857462783015595,0.30286599410469406,0.08106484647891861,0.7361227871842224,0.7604719265321126,0.009914039683747536,0.0,0.48691210903459914,0.33054344214834086,0.48999117816498405,0.6172639627137841,0.4804002761000322,0.10501008765087215,0.8064834277058711,0.8061763261628567,0.314959907972544,0.6878987261855606,0.1784590075348318,0.5061440789179574
0.2906370885265308,0.37172486409135097,0.3192256738455895,0.16028533345892637,0.8145636919507939,0.7261664114140427,0.007843522147687514,0.0,0.5314435027780746,0.34924872981267613,0.49768884874763475,0.7004674666279912,0.49507288563266927,0.12200044021534544,0.8344956230367075,0.6934979672832076,0.27542441298189974,0.6887680264724626,0.1820083446220586,0.500884123497609
0.30667120219771665,0.3106238112302622,0.33900157912853723,0.13344579852104915,0.7710890037125435,0.7456697195983345,0.0,0.029885976533752467,0.4679443773775268,0.3613951783940836,0.4857630008308051,0.6381957077559902,0.49567320948453414,0.14100240210083193,0.735295141654954,0.8322416642583422,0.29802254748681034,0.6760143515607173,0.195547320585224,0.5166422043444225
0.33131901479134557,0.28815991176312594,0.3051619510498759,0.11090094960186368,0.8155095954040449,0.7629497000837145,0.054818829731939814,0.015094622747604189,0.5103624254493156,0.3435164627791871,0.48717696145357836,0.6475900517220128,0.48884672519952393,0.10939429069400597,0.8179885042998604,0.7296179351012019,0.28628130992100764,0.7149916514274726,0.16610335736291748,0.510939369462544
0.3427096584993606,0.3045131067668548,0.27746894587916254,0.08704258052112002,0.7392019739824884,0.7305898780613589,0.0,0.007422452426224928,0.48847455002879075,0.30604997989475935,0.5037761248238631,0.6128813342562313,0.5050431807393222,0.07327911744213168,0.8532137402995887,0.7992213466884536,0.30946682366770284,0.7000423684203494,0.19865940795679432,0.49471039302462755
0.2923350402746712,0.35124629257444556,0.32739422891932274,0.09123562194203255,0.7968738746253462,0.7348206573297109,0.021168989614113,0.0,0.47713599654457706,0.3753742778915314,0.46669908163993773,0.6597257460948179,0.4775406210673126,0.10166890371297366,0.8755143595183456,0.7590126376934463,0.2956641593662414,0.6957061090522633,0.18833764118985497,0.4891239680907727
0.3460881776031698,0.29062107462626396,0.3022927522234874,0.20199248383143703,0.831753319726376,0.7293062416222681,0.03825240645080881,0.019707198151063803,0.5775792552705169,0.35380446443689784,0.46288514840096984,0.6278731168584578,0.4726656466284793,0.1545037970998712,0.8132489103943951,0.8757084413785675,0.2892950859211921,0.6748768945098522,0.18589864444535395,0.49680115703402333
0.36066913576414855,0.2860242398004924,0.2912066668181928,0.1200273127582993,0.8155846724636331,0.7885158100894141,0.02843433866006194,0.0,0.5125715220426038,0.3424075100664633,0.45628156801626285,0.6520331152313206,0.47306272024150775,0.14043034256537873,0.820272103782099,0.8475839170972055,0.29573406848735845,0.6991091027151042,0.20961519237795914,0.48898638306686476
0.33240304709671104,0.295517694334539,0.3025130922057355,0.15128520006125837,0.6953929203285634,0.7609379980063748,0.01880691376015617,0.016113311372851918,0.5183979663398343,0.36714316776846573,0.4836582912724051,0.6391145113415092,0.4971674646394425,0.12726290434373078,0.7146726228948743,0.7603271743319298,0.34072085665680224,0.6474663048800278,0.1453802152040209,0.4973960893439048
0.37630387437674195,0.28140014175223865,0.31130949284688303,0.08836402473329787,0.7373161961228809,0.751029176886868,0.0,0.0,0.5341333034200598,0.3804927719296551,0.4429253551756175,0.6284451213013932,0.4873036208060529,0.1238706106036716,0.8839901019198396,0.7849056932751556,0.2916620072776122,0.6967408737838832,0.1931272968985054,0.5003288185723876
0.2967863240268928,0.31368010947984387,0.30290510670923576,0.08880588215113444,0.7327417647275102,0.6764524139453858,0.0038055032846543227,0.0,0.4573595016404436,0.29396176861024215,0.48924308192119353,0.6339127699647477,0.4858256733138051,0.12098350271819626,0.7769803914761552,0.7997839227859688,0.27917989563432427,0.701263673376155,0.26952061296844587,0.4820413821323989
0.2826603589006575,0.3587403537540868,0.2708886788580186,0.1632793923699977,0.7744627267538163,0.7210710128393423,0.02375600676085044,0.0,0.552568757273661,0.3586852729984414,0.4778161381099889,0.6545157606817105,0.4959046849851436,0.1347626450352961,0.7626611536629984,0.8245365628624645,0.31166867138311927,0.70483829968643,0.16741670941023126,0.5126135972419577
0.26663839253287164,0.31969237819348084,0.3329413239377427,0.06601695153793871,0.7843176777507267,0.7849334580169587,0.004256518600260072,0.002491851070320762,0.42473128464514776,0.32146701578379305,0.5026927939964211,0.6243701805426235,0.4389789518429229,0.08630113642834285,0.789791754622415,0.7911660764930005,0.29712950661154086,0.6687179647304143,0.2385650148945324,0.4925914457106066
0.3648813293446755,0.30242939493621135,0.34049750082557445,0.10339144928378913,0.7080553662987132,0.7418848286561961,0.024067189199975355,0.009023403281325938,0.4769370076988444,0.3599822101359788,0.4665616537907002,0.6350237665795285,0.486201376477503,0.059347418026749824,0.8604669365674172,0.7490042040247653,0.27169532138267055,0.7044963347338294,0.20163968362738097,0.48316231299429313
0.33963096969062173,0.30124566193253366,0.32803043982679014,0.12136109644288928,0.7533919256958469,0.7729765734794569,0.03363486817630283,0.014709115902222288,0.486229049804633,0.35255854404749154,0.47593363429164987,0.6632654676252896,0.4843713777774743,0.10207010502211185,0.888321841901742,0.7612976544319979,0.3446299267040493,0.6791713746027092,0.18191126573355748,0.4929678514343626
0.3183324598726864,0.2631042757391003,0.29224628659150365,0.12445490407360209,0.6490036333921931,0.8283255900163817,0.03925005771600203,0.0,0.5174517009491152,0.362714530528811,0.5024440666658674,0.7020495974974863,0.5133761616260141,0.07547255239666928,0.8050163471790338,0.7898207281449284,0.292950421088267,0.6837506033541533,0.1603807502141058,0.5048451631324057
0.32839905878959463,0.33649329331441474,0.31097016932104965,0.11283626859935375,0.8220972502900945,0.7919303034604408,0.0,0.0,0.5065615479842447,0.3400150477101069,0.5076627129355631,0.6595517763910601,0.4494282403547266,0.06834937733868447,0.8399233669041463,0.8393782791505877,0.29244261092077295,0.7143586277164532,0.20419045895855698,0.501660763996266
0.2862353285810487,0.30766488408961595,0.31486957369541085,0.13583279124383693,0.7243812879661653,0.7446579168849871,0.06393292109957908,0.0021686004528792147,0.4949955577790482,0.31253519776361693,0.46639695268496356,0.6316547671564543,0.5111437326475351,0.07839164270236205,0.8017281619474202,0.8071135144214417,0.30319670703816193,0.7402822744671949,0.2436019131744403,0.5084423622980893
0.3933725593885048,0.30458560259228123,0.3269758877912382,0.14771423023271246,0.7527931969922248,0.7144505414902136,0.03534958689108261,0.0401012407721666,0.4996400796611683,0.34099263617486664,0.4836356246517432,0.6426577165985538,0.4815081825784933,0.17455941773601058,0.7584881810792727,0.7590634029353994,0.3346023353841768,0.7010271751760535,0.1883236656440971,0.5179669225015106
0.3238766354592568,0.4057932270353458,0.3283668097743616,0.1493855018183732,0.734517514300597,0.6123225201972051,0.01996571692661872,0.0,0.470659309294323,0.35813695270279566,0.48588837955368097,0.6506317801230516,0.48977979061320087,0.10408373902227533,0.8590697468315317,0.8159349111083917,0.26640509346962005,0.6836580908271953,0.1975711572578968,0.5260988040801606
0.3232818438381468,0.3189625872509706,0.3003165240244301,0.08056784765328692,0.8073013787506708,0.7315807538763573,0.04179073166153281,0.01325593236199825,0.4550830281654748,0.37030784657350446,0.48747306811242297,0.6430115009872859,0.5135183757521875,0.11085723509082965,0.7751149007857445,0.7745206064448736,0.3055197169884108,0.7037734089501999,0.23031112550570998,0.5057097232537611
0.34177299871696076,0.2874462684971445,0.3166399111282712,0.10863379608284811,0.608124677930131,0.7236993752091575,0.06730815543999948,0.03990060619471675,0.5217953486700818,0.32656337399054947,0.47474848681368753,0.6680611633347386,0.4912152253601114,0.06332911578987238,0.8614212309348753,0.8256163202074737,0.3417454432358725,0.7187805831499828,0.21022612374038843,0.4786119522552901
0.3344302769521014,0.2972092721138337,0.3241456080923048,0.1677905144750775,0.7491694828837046,0.7595183097197687,0.0,0.0,0.5208111833760856,0.3705412085374603,0.5056276679624727,0.6543494696602845,0.4880073657892512,0.044687411236221115,0.8519416531907634,0.8910804167331443,0.30257457361479295,0.7124199513174546,0.15283172660826266,0.494617783949394
0.3267165207283739,0.34445337127590264,0.3441164464429353,0.15578588750295488,0.7447090621251151,0.7323047386512657,0.01549474715017293,0.01787950451728805,0.5475348312547118,0.3370425542070695,0.44220593032756905,0.6681570476981974,0.48484582371604634,0.07542842070643582,0.8245614505582883,0.7756469451622581,0.2752933204139304,0.7548622574492748,0.20296661647565553,0.47991363231233986
0.29628576633664067,0.3133981123161329,0.32909013079649446,0.06508562194075744,0.7273181806204159,0.7239807470281603,0.0,0.0,0.47629948709554376,0.3572489976318905,0.4715773953039783,0.6437111241940474,0.4703304373001124,0.14314586755626246,0.8731589902501742,0.8220642063890549,0.2876320629407869,0.6856932486181067,0.24536704731996795,0.5339370814742457
0.3341440507140799,0.266851660650479,0.3307811337475104,0.13405919601408806,0.8363113272817816,0.6510300534746389,0.023853030652960495,0.0,0.5207844563090277,0.3398021209426873,0.4889586146554589,0.6765100043944252,0.47943021750979214,0.11002826398229563,0.8892938413274296,0.7601842667184908,0.3041376505951358,0.7050446295983859,0.19889176440597506,0.5397480176505433
0.376460734894251,0.3375768680372561,0.31667653255858724,0.04087099002500759,0.7056335270572114,0.6930016085424967,0.027307884838502817,0.0,0.49148879814905805,0.35364341255424203,0.48914449623898687,0.6466702883143691,0.465689744677545,0.11795785274333177,0.7929902654814276,0.7855094493123481,0.3266160783127972,0.7309783590683641,0.11775531711567871,0.5130062239499269
0.3603626013846493,0.28995567743383016,0.3432091829040701,0.12187739608241478,0.7885898088617831,0.7638325520400279,0.019216757691144812,0.0,0.5357142495558045,0.36783755269140544,0.5070551806122953,0.6305762026172402,0.4791086620114903,0.12215698117606184,0.7676482352633428,0.7911824914748841,0.29321328311167877,0.7297231847403706,0.2116464497477322,0.5171691768527806
0.3677955987991819,0.36619893328652636,0.32319525591918996,0.19591068066983908,0.7678126394353042,0.8257953815566347,0.0069093285800338015,0.06443824295812986,0.5306588833003443,0.3254597184542293,0.5039645078640257,0.6935464076208444,0.43328138605889804,0.08225951860605167,0.7254292065097412,0.7822526535982248,0.3165330359486486,0.6609984414695124,0.19404630681367893,0.5050188638647332
0.30466352970706445,0.34240144197143946,0.29777824179652856,0.08208429130924055,0.8130759626267758,0.7351237308127189,0.0,0.026889117441433318,0.5063362819767337,0.33640188206506333,0.4742891674938555,0.6135004450607777,0.48858079135135096,0.14163896751920102,0.8897872902172103,0.888520547551001,0.2712926234590622,0.6999328475992004,0.1451271675823635,0.5073211183092158
0.2903118553922426,0.29658034313023746,0.3430673994025038,0.08662707818033671,0.7166405457611247,0.7563905536787061,0.027470673668235374,0.03203475723572418,0.4898140953000204,0.3536992517468417,0.5059974248706121,0.6352252254939015,0.4775652549243275,0.08101577202333454,0.7824127196432621,0.7777362770128647,0.2711256326080989,0.729690415316974,0.14962375729838648,0.46805091563341755
0.31622639239701056,0.34843049085205335,0.32895806545078055,0.15056119126291437,0.7133515550438121,0.7876239078476402,0.049108689678306505,0.019839869736729923,0.5288279653582478,0.398031673220607,0.4657191651244509,0.6374594429633922,0.4732759252666647,0.1421869707778766,0.8454014742840696,0.8134740615513948,0.290343986226301,0.7578128598079827,0.22925321429866427,0.4985213526948618
0.32167174736866083,0.3120356653158221,0.30613911957743034,0.058287939391614155,0.80480349537387,0.6994553031899875,0.008179630885331359,0.0,0.5194071356976969,0.3327362057566634,0.4986177476558367,0.7001661254611313,0.48439516167880287,0.11326906468406023,0.7703497852996207,0.7127965252270627,0.3287605744374652,0.7140759176750163,0.1780285176321476,0.4823769387530748
0.3528257455541285,0.33558321025366655,0.30541014065201516,0.09468979880459844,0.7712660654165056,0.7583407021642721,0.0288011985804629,0.017899159406466143,0.47946678793741454,0.3908026777199384,0.5162104495684199,0.6861371776829303,0.45132872154069115,0.04632864537261034,0.8615306256364814,0.8072798625347845,0.30137749279027537,0.6926427341260702,0.17277510857792025,0.5056271307507674
0.2692260611085554,0.32454198451883426,0.32093151090281524,0.1438576455032701,0.6727531326661621,0.702975494683392,0.0,0.031458592290146935,0.4601660397956171,0.3900884660735034,0.5042988821370994,0.679878562872844,0.5185853999324256,0.07755971540198395,0.7719952963273835,0.8356821836940899,0.3057962239113324,0.6798159369512522,0.19893084317204995,0.49880780309222933
0.3658865095838184,0.28460930035027376,0.3242636959053517,0.09462856609242387,0.7230347492768365,0.7832412219245506,0.029144261273850277,0.0,0.4913440129795461,0.3480537769859682,0.48211540767048244,0.6433868267524734,0.477944650770248,0.04645184401383687,0.7523312346553063,0.768896106296838,0.30556159191147053,0.744374867150617,0.18067391005040184,0.5389364392469222
0.3152597630426303,0.29069350503047614,0.31894584531262415,0.11056120051156113,0.769319132692403,0.7475701523975866,0.012132354045106859,0.02930653334322253,0.5454624144604463,0.344036949476002,0.4733644245645575,0.6985235600768356,0.4770831113405562,0.13489846398382627,0.79165974276185,0.6895911143583835,0.3221841596517346,0.7145748317293151,0.20300145883333237,0.5183325537744569
0.3071935679015774,0.3408988245274348,0.3212261734688577,0.14976742841260138,0.7918882110773294,0.754922590699072,0.0047516409879417125,0.024086724197081577,0.5343946147619911,0.3361586960267061,0.4494281740748143,0.6573670400768195,0.46069207579734156,0.09925793737592797,0.7787289719615346,0.788453929246907,0.2877955861492429,0.6830386614622916,0.1939183991168999,0.5056902396504329
0.28963686874219496,0.2999567400368038,0.3489991474915276,0.13686184334146245,0.7160384673403523,0.7008700701290705,0.004792727175677389,0.0470408008962734,0.4666301759098826,0.3486359493933466,0.48621079275828405,0.6695452674060625,0.4804789276489852,0.0331497268015066,0.8238519914184486,0.7906873540154211,0.3137657021697646,0.6959368726733244,0.1640001325971907,0.4946612062572075
0.2703542998440269,0.2978905461027401,0.3364308630446977,0.13067273585181607,0.604287200509153,0.7753516179805392,0.012127768359339802,0.0016443397497276236,0.4649672775230024,0.3218656113488088,0.4576956554405816,0.6535939076221242,0.5077391978054656,0.11127240645158976,0.7979442029122991,0.8189630020297722,0.2833823467228974,0.706203730336574,0.18466406604315846,0.5335204291751986
0.34469511751885745,0.2813463226195194,0.31881271182530047,0.10643510882919845,0.7761611592868517,0.8442356460615508,0.027648666313850708,0.0,0.5382405154903845,0.348475219653588,0.46413730672772124,0.649010668573535,0.5007183241886407,0.0838850721283504,0.8251080957820769,0.8704361214165374,0.3396654531184152,0.7108761330777623,0.21328259963927315,0.4994009070774694
0.3221995390156521,0.3227079719678038,0.33382621161534964,0.13480244461075822,0.6889839655028012,0.6896044152285897,0.0,0.0027674378125490872,0.4659309228572651,0.3799376054770171,0.4561850839852665,0.6449644265214725,0.4970887550228111,0.05548582434900031,0.7883591410765883,0.7747978539759878,0.28399217791406617,0.6820076268490841,0.20125754120715877,0.5066334792327055
0.2813011730077684,0.37187574757729436,0.2943495219294492,0.11505069279600973,0.6491330600938794,0.7230120496176238,0.012057693368642944,0.03871141986327247,0.5152788597092602,0.3377782987504656,0.47079215334686686,0.6458072001316167,0.4909279790333454,0.1503389751090609,0.7733957051592478,0.7557484750535888,0.2823522139384276,0.6877161916374901,0.19754172552824506,0.5008449920885367
0.2811476368380915,0.2779740125723718,0.32295854099893617,0.1383122243970314,0.608383703750793,0.7515803737084046,0.019170564440017048,0.0,0.4815178635399103,0.34518551392021896,0.4794406117102603,0.6621698329735616,0.47282914944874777,0.10321857598289737,0.7766575780841571,0.7433232879451424,0.31099339626976097,0.6669413087525408,0.25812152723538156,0.49191692188585356
0.3099264590212962,0.31072658370018275,0.35118612699466223,0.10012271899528086,0.790699043009887,0.7793203105997908,0.0,0.0,0.5485113477356505,0.3159771905146551,0.48547229162331407,0.6573439959755077,0.45099673665926593,0.09119705793060062,0.8817975519212411,0.797923144681264,0.30159576862864645,0.7207952457920956,0.22193112576156607,0.5007301244477104
0.3700706457586818,0.3523666166624629,0.3106390820921525,0.11269724102481835,0.7564308725202483,0.7120226857355265,0.055933304033500345,0.011787905578632265,0.4768872560258636,0.35748124176262086,0.4679898672917207,0.6493705725959263,0.4759792245626673,0.08801725657041949,0.8090068372890775,0.8091741703527401,0.30653704812521865,0.6931676306645936,0.2255732379446403,0.4607606629864337
0.31221225945909187,0.30761075826262857,0.2980473214276183,0.08040168829791944,0.7387171809643874,0.598348485492863,0.002930090398773167,0.0011482141445168775,0.5343008459061749,0.35528963369902744,0.5013856741279037,0.6801904798539771,0.47528257070932645,0.05460161592526684,0.7206495116218783,0.7681737842254966,0.30454627590984634,0.7093264329836658,0.19502094776615225,0.4690458719751763
0.2749057114064568,0.323571153887492,0.3019582222281388,0.11859969559975056,0.819451218148138,0.8079594747082013,0.006611261727330191,0.010154557863513693,0.5055457596218109,0.3512740471953154,0.47583589484020067,0.5906649386251854,0.5009758887934248,0.060863533012476725,0.7791916394618368,0.8211473098290316,0.2781921560238512,0.7284451701715265,0.20660435571053826,0.5069926108333925
0.3126277080774217,0.2781281941555936,0.29320733925315223,0.0875599654548462,0.7818662341511536,0.7780253059792072,0.000433841003550043,0.028906235424717305,0.5075658456270286,0.3456634589955571,0.4642455513346896,0.6601977449584239,0.4861878088491964,0.1385475035462525,0.8038746412990351,0.808615363072767,0.33226717858158966,0.7043974028474789,0.18706700031422924,0.5313639938105498
0.3118182929075699,0.3228492129162295,0.2993047618374459,0.07543814199352025,0.8308150021360958,0.6528526234756667,0.055969601742762345,0.0,0.440890742559458,0.3441448416245509,0.4845258453448687,0.6643547741331796,0.512246230558071,0.08578351390642844,0.8738159872500152,0.7917292675857956,0.31787084411778216,0.6977405904810186,0.22332649296572385,0.5069644220828834
0.23909340071175286,0.30438567204986355,0.30758983802819945,0.13034644591421551,0.6803632263916501,0.7096215604110222,0.031058104571989632,0.0,0.4339125994038284,0.3600380046740134,0.5192710566708763,0.6729392573651034,0.5039497708007634,0.1006620310281059,0.841147948635596,0.753903411170235,0.3271789990253423,0.7038784295376787,0.1966880028770287,0.4855926229020669
0.31837115400446564,0.3395718998703959,0.2868886596164272,0.1285095910343064,0.7482724688023018,0.8184091214763662,0.0012681598751271561,0.05088963114399889,0.49338302179198057,0.3494236679682275,0.4867032113307023,0.6487025711789328,0.47087008780991807,0.038670085713967774,0.7631312865407235,0.7707254273806111,0.2894333822177915,0.7012638720770045,0.20667133246791672,0.4711429249186533
0.31307196409373966,0.34562158154694256,0.31531236667899204,0.1513149493979429,0.6691643312525992,0.8123898209228932,0.042124631177199376,0.0,0.5074071819024983,0.35629943743110665,0.47274288745252785,0.6541584013476792,0.4440974160676026,0.06045723892613484,0.8967342301428981,0.6928097880926982,0.30833047089430343,0.7249232999575589,0.20481833906465505,0.5156905452095127
0.34088619094440253,0.38768690926055843,0.33304554347573295,0.10275497721699603,0.7385308834072266,0.7869320011339472,0.024013973885777567,0.0,0.4662440651678683,0.35429965634909094,0.4494507728776259,0.6697189676662945,0.5077115046788296,0.11829437559624259,0.798753585407941,0.7994314825679214,0.3039473692446938,0.7062167679507757,0.19945499355783639,0.488656096979698
0.3754686828483604,0.3273889951964073,0.2968448763970616,0.13632211387347024,0.7375692073116661,0.7311943783020068,0.025145068422230035,0.03207440027445193,0.46733919768570975,0.37246854574191524,0.47561175358055857,0.6798233280856036,0.5071877044646149,0.11133135280341501,0.8498531924429978,0.7910536515498975,0.32256005252403014,0.6891119796084217,0.2881456420146731,0.5128647083710512
0.3537969508864327,0.319773889497465,0.34538567847283536,0.14203190289094653,0.7813306818631536,0.7441493709406255,0.013110455824950946,0.002310217579169641,0.516844178894784,0.3635398819475011,0.4846985625017623,0.6439892802964247,0.4526757681819555,0.15260125596172947,0.7537996601040039,0.7975391596435795,0.3232049626365924,0.7209569811377949,0.18000142167515834,0.5077973031613143
0.3119333392833551,0.3158315290473201,0.3252158417705519,0.1377909523132638,0.752278194057095,0.7334537097436936,0.005011680260860534,0.008732202959303785,0.5168856344137139,0.3538572368630038,0.47224838217488857,0.6553395156625512,0.51018480039655,0.14028868994893678,0.7040734761899641,0.8101727606225825,0.30386101605916227,0.724609687127167,0.17972865409523925,0.5095660078450938
0.2868042227377499,0.29940501121567936,0.33561161171248116,0.08697385268791431,0.7811703569139958,0.7964119891634419,0.02675532198109203,0.01965580248120636,0.4958677681883622,0.3803684406130436,0.44669230723518,0.6835714792869751,0.48764234341185037,0.09307867082545532,0.7436627403852656,0.8054328594572889,0.26964097736313497,0.6732333874635907,0.2208229024043527,0.5006720341470711
0.3972007940974958,0.32015451530385075,0.30184330892295724,0.12597453929084756,0.7851720066569448,0.6962078796752444,0.009098255400088193,0.031671662062199915,0.5234060516355823,0.3584053705811312,0.46298869220993133,0.6075194584824231,0.48321370996251306,0.11418860694139814,0.6699866609521719,0.7855846727741587,0.33559323774175376,0.7306556776953621,0.18214493002774462,0.5076728876993928
0.3217765530204347,0.30113795769582913,0.3320905045413323,0.13456561184218646,0.8577464338691572,0.6997100172557897,0.05633511259150209,0.0033307861363645608,0.4647739311283956,0.37609925377580833,0.5090907692177551,0.6361997480037083,0.5122956650849465,0.09050189671290779,0.8844835730901164,0.7919467217265101,0.31111974867380277,0.7072942354641697,0.19125780915953322,0.4976109119748733
0.3204178787573884,0.31505382928808845,0.29316132199209377,0.12028713867631767,0.7342351672356938,0.7905137293418008,0.0,0.04039904011828598,0.48932195248739085,0.3621388521677327,0.5086800200746092,0.6793167195720593,0.5068937034646123,0.16164429455915946,0.8085813167554566,0.7338273433321533,0.28783125917217717,0.7056653990029319,0.16740767139933146,0.4872938693126359
0.3192762473866999,0.3495279260682388,0.33280495001673016,0.0365408936651566,0.7029488649666811,0.7377819272244219,0.0507231354570989,0.0,0.5494363281735102,0.31316161842136914,0.462267216615908,0.6718507566721661,0.4930266190399041,0.134470440881572,0.7630142392620788,0.766651174172423,0.30813084276533387,0.7201324926319302,0.21474673758207763,0.48073001878967897
0.32594254282303564,0.2798037230416108,0.3184367867958706,0.1264195849589392,0.7623041807658204,0.8089233677726904,0.017773623024043988,0.025195744739061544,0.5020496638981945,0.37609669526638656,0.4934551357439884,0.6604489042185339,0.4894643413162396,0.10509055272573255,0.8181049611992048,0.7920188421473385,0.2697781290309495,0.6886604721799143,0.21512771733452457,0.45229982404058044
0.31566918764228175,0.34419635683387134,0.3260650243996957,0.20850124157588967,0.7098859986430228,0.7064243896509728,0.025981714680422117,0.0,0.5037893754376099,0.35270352482685335,0.4564285443045965,0.6410280625378176,0.49232788581060716,0.10601184354629055,0.8075733614472067,0.7605658569635056,0.32110706134942085,0.7190832902838185,0.19054423820229668,0.4963778087519098
0.3027901397935929,0.34951345202019596,0.29148810788750296,0.10559842924972068,0.8240980384218268,0.7372610819830587,0.036663155332588696,0.03744542633215983,0.5691783975790322,0.3489609045819844,0.5080863256398991,0.6323636300202916,0.4719988513223495,0.14334550861779424,0.8248373358245596,0.8244060318349019,0.27057576511441694,0.6924644906052428,0.2214445006544022,0.530387563659039
0.3035942317627882,0.3064579441902676,0.2970986031544679,0.09087691608578716,0.7358390980527384,0.6938793507578023,0.0073950140999112755,0.012840889576610906,0.45801973502453686,0.3556269669497915,0.48490471695788473,0.6381756876151525,0.4788979710053536,0.11738733541341542,0.8483812560454508,0.7636547167617989,0.2955833101592583,0.6705009864057931,0.14425624958799227,0.514601601850752
0.31901740189352007,0.24634435302974217,0.3269445643650677,0.13493394238845594,0.7217211816063005,0.7403681340711783,0.03728496769397273,0.0,0.5238929109992633,0.3431003367608586,0.49899282997233063,0.6809601644163739,0.46195365690810913,0.14675884051210258,0.7884031538789994,0.7986522164499327,0.304889088992111,0.6800448744178613,0.1787943979545697,0.5045541823695192
0.30369725686598703,0.291765340387167,0.296033039915516,0.13249512841866287,0.7264342139424441,0.66607265315006,0.0,0.023256821860432653,0.5499195883942429,0.3545405772077789,0.4456981330563492,0.6374311462168931,0.4733392044852216,0.03419056221223381,0.7648064277559605,0.7946626262726135,0.32077679423964184,0.7113404366580645,0.1949006244136721,0.485319900114217
0.29861462651968507,0.34890983639683326,0.32426412584198244,0.16770940661665656,0.785920871173582,0.7156183289522519,0.005600209335561218,0.02786376694414503,0.49025426220504364,0.33816247867313814,0.49355274203849775,0.6520284592847931,0.4726673224266213,0.11383684784496395,0.8331110085748767,0.8198511037444164,0.3021308935286875,0.6810906332001068,0.16483152509291144,0.5199467845151815
0.3231929068307569,0.3093139581310335,0.2876572438707951,0.06968527376364447,0.7421126508384257,0.6681873067535941,0.0015187438531786938,0.022837882457172765,0.5257889236056453,0.3754854451746874,0.4798465187263099,0.6349258471027651,0.4672938926075667,0.08453695405955845,0.8320933111153787,0.8260316469611321,0.31269925747225097,0.732201522463793,0.14753860887743836,0.4976138137639395
0.3123506834773743,0.28002093303115266,0.3319634842533334,0.1492552101029997,0.7179166589934809,0.7746961616595629,0.0,0.0,0.47053941508367286,0.347728237727579,0.4970385814158168,0.6668554806019805,0.48273493005296925,0.15269133962883977,0.8040294323248538,0.8177613044387176,0.2994366618310089,0.7237856690687928,0.1907631210488466,0.5314986862757811
0.36511978965748065,0.29485675236315345,0.2903495337046298,0.14361688245005855,0.8332675958811766,0.7758294669879826,0.01570090323842098,0.0003196575275583053,0.47939802813297944,0.3423483231455513,0.49829735596195696,0.6392254743930712,0.4735203829859884,0.14639196061569487,0.8871021675472309,0.7057597519446747,0.29935628098111433,0.7266687833206592,0.22082060261182226,0.4803782547341064
0.24047090574820965,0.3352186007951366,0.32604599875359047,0.11431413852237815,0.7071915079669124,0.6534868634757828,0.027714999363633898,0.0099185432575713,0.511548992481429,0.3315014836856145,0.48131569378949496,0.6480481221969118,0.49004469440703946,0.10098507427303921,0.7824871150855339,0.8377659259205251,0.30170954500696595,0.7024955715935481,0.23846325174279537,0.48500060944054685
0.35274520555767386,0.3264020070460414,0.32751261867292003,0.13354749271686758,0.7517783037016497,0.8066942872750287,0.03405319996998612,0.009174806946998793,0.5239570001933177,0.35537551578297283,0.4679834072180817,0.6163323573391435,0.4475535877341247,0.14606892936433097,0.7640056811345893,0.851092328967784,0.2962188415829525,0.7051572323458991,0.18358136350383883,0.48305460111560744
0.3573825557749289,0.3028320370249092,0.3010645636314085,0.1611782992639343,0.7826153075805116,0.8648707563209928,0.024817535144008154,0.024994909508766955,0.5336280953721874,0.3537421420025018,0.4955939236435899,0.6177326352759013,0.47773290411785396,0.15349343559977519,0.8167236571002641,0.7707150286271413,0.26626859513837126,0.6761257629151144,0.2219964751286478,0.47035763259131974
0.25779829302775553,0.2989952676455594,0.3266405313416945,0.154892615201138,0.6684332444791463,0.7423003193368171,0.006686130702129063,0.0,0.5470888576081848,0.3577684922735501,0.47879691001189745,0.6501534638664301,0.4826310328035499,0.10223220015778442,0.7730024857234601,0.799465876506914,0.2846335301260674,0.7199156702031497,0.21909626114227004,0.48125910629616475
0.30971937217758955,0.29824725552868536,0.32020884526667115,0.07427922751705085,0.7740130250702962,0.7079442869887678,0.02738032875650334,0.016686541091070067,0.49797660324334453,0.3294549622498974,0.46254430092944715,0.6234968568960448,0.4737874152032624,0.17415801317295573,0.8198206609657959,0.7543667327947687,0.30489549682223394,0.7075966691007417,0.2365582452300349,0.5020643251953184
0.3088567740201263,0.2823276944650449,0.30422316287614526,0.15280632747021938,0.6972446162259776,0.8812165295501523,0.022485713897017014,0.004200372911267201,0.5358083526551777,0.3179763760237685,0.4615969553708463,0.6921017327866901,0.47655214600381535,0.09905976541990834,0.7666796697664224,0.712064859730714,0.2950175799302256,0.7113461125058451,0.18949426908937997,0.48575597950298743
0.2777746491584654,0.35846127068408323,0.29482890631847586,0.11741245579869926,0.7911391390417001,0.6740515750848745,0.03872112335872033,0.0,0.48973085469652555,0.36251182605013116,0.45045671167375234,0.608769537757755,0.44829507978540284,0.09356437148992273,0.7839903086827247,0.7604513893783046,0.29688381835636185,0.7337662362290576,0.1460449851444598,0.42287249341518807
0.29666549937227377,0.3003303859236598,0.27574748616654843,0.12291496392062061,0.7018674494040512,0.7410053233434549,0.03553873405863033,0.0,0.527062739347648,0.3796928372375301,0.4697941768087387,0.633996494026718,0.4871295420933898,0.1259761776575303,0.8756336168015667,0.7683944384214556,0.29353292661122565,0.6878807403210497,0.20210557557268236,0.5214854659484024
0.2866827246360251,0.3465147556247649,0.32199300094599387,0.12292787964006778,0.784638451592443,0.7489811136315961,0.020609528278412576,0.005709246709640728,0.5062246639355654,0.32947292755220203,0.5020538409214875,0.650334017345351,0.4929521196513414,0.08938627806573059,0.7837765057300929,0.7758059707459274,0.28272803214536363,0.6974771690024536,0.1695861877709083,0.4663181254130519
0.37256811330270867,0.35563948155767355,0.2837039445727589,0.1139902804480696,0.8052916533147356,0.8072573810226207,0.002054939876774863,0.0,0.5133703372124577,0.38178882567123396,0.48355659599410866,0.6426973412440843,0.4898707458840753,0.10256019327384681,0.7680459382393082,0.7516434363997605,0.29013801078047413,0.7065334184308433,0.17829484672813978,0.5117845656977328
0.34807035179442386,0.3399493269444388,0.31690688398882616,0.16766829988428258,0.7930718262816403,0.7579869487563394,0.006940996883358384,0.0,0.5127052362206611,0.3556782211747276,0.4694046458815392,0.6279170908667216,0.5007745411888437,0.1422830327215273,0.84682715154826,0.7606629933273105,0.2938633651122281,0.6812912918908258,0.19096342567840455,0.5006242917933913
0.3581466528498248,0.29705139061845853,0.309731035678355,0.11665128160603151,0.7625658324119051,0.7150683052105774,0.009004212807239334,0.0,0.45185884970606566,0.34985874190898336,0.4960971187636016,0.6308414432100946,0.48403059211565,0.10057656556651812,0.7579583219885323,0.7895597471348638,0.300102862810837,0.6962480235744631,0.1898321710595257,0.5423474563284069
0.34165016192129705,0.32211190271009826,0.3285828555087639,0.07521815486467325,0.738434952853515,0.6924407814806022,0.013694673321674886,0.020655664186452486,0.4662763442341768,0.34204902606908444,0.4633504675655322,0.6301869184500153,0.4895736236130187,0.04914946621074078,0.7722822707941173,0.7591909206755943,0.30786756688939426,0.7098589962093393,0.20424677800687385,0.5199391496304524
0.28612844686348315,0.3092741318082725,0.3089590900102027,0.10425880576121084,0.7211790211832578,0.7229089089876932,0.025361008551795065,0.0,0.5030762431945257,0.32230963961150005,0.48190700548665555,0.6442655661035988,0.483121814769137,0.1110195816354759,0.8230624448203598,0.8117409733020011,0.2963889941822852,0.6934915745725433,0.22109468949258854,0.4899079080903005
0.3042643920116068,0.2828889441780962,0.30841104427305815,0.12714778867241902,0.8235517345408552,0.6896536319527428,0.03430348780256117,0.005697723996590202,0.44938162761076494,0.36975457031849196,0.4764073925454897,0.6890385817903485,0.4937510143918499,0.07911119262842817,0.8375364569549317,0.8172664260558976,0.2794068948861516,0.7261797881945822,0.18896793250172103,0.48595872875289375
0.33468123683683754,0.3197307784516481,0.3296374140857659,0.169168591371882,0.7150252389916179,0.7423912659892341,0.018977626139692446,0.04084553255322604,0.5249363330959926,0.3344878727712479,0.49558261251176705,0.6515587459311643,0.44845540727735755,0.12595813471883638,0.848819055643243,0.8852155098465796,0.27203835920162434,0.66978150876366,0.21187092519824016,0.5300545536159857
0.28333616573324166,0.2746288062652059,0.32170116058168235,0.14412378739795334,0.6981466963215002,0.7117901910069757,0.02032249575800945,0.029887030396308467,0.5261466789886442,0.33440386648524795,0.44845543258160997,0.6736580097877505,0.46212838064043976,0.12088569147478738,0.7701111267111806,0.8350271972849386,0.3519487441475045,0.7224554248046668,0.20044448029791517,0.4704825780579718
0.34138995290517166,0.3456303816538469,0.3213231191436556,0.08597858885011823,0.7832684467516415,0.6652981103355124,0.022866126100000075,0.028045427998869055,0.5098151165863337,0.36983852619773905,0.46299604508370684,0.6601395269165629,0.5117379931406618,0.14414201044499567,0.8238403469194449,0.7997241223331366,0.2774036993947087,0.7132237094963201,0.22806483187635337,0.5038175987183742
0.31279023805525596,0.2960614810810482,0.3243853517961705,0.21940759666715565,0.7101931598406752,0.8027572894187451,0.0096818937373532,2.5513917829636523e-06,0.46636597961726234,0.31234033106656545,0.4472350868181093,0.6722772479596444,0.4307912835580759,0.12722596902378092,0.7813556720182329,0.7651894281332929,0.2896274999747123,0.6886234282488681,0.1943422444668105,0.49737759073500654
0.3087553757735121,0.3160347896761852,0.2842885575358579,0.1305910124391192,0.7024968251266936,0.715116373828548,0.0014921548471408773,0.02086064558579305,0.5414041681660554,0.31952804378663663,0.4748080655638146,0.5940007139481283,0.4771964414034931,0.13270732850974196,0.7757737746595748,0.80174989406696,0.31034000605027867,0.6815118286353999,0.19763219972676335,0.4931354786259065
0.34132879904610475,0.31849863614638424,0.33013577359973967,0.17101562951996058,0.6778197868915118,0.6765931597512344,0.0,0.005322043990928121,0.5611163191915507,0.34963731512983837,0.5042285500726486,0.6439108395770354,0.5034454991921613,0.0799270971958686,0.8481285112916914,0.8030638383966543,0.3072172121913136,0.6583943476551509,0.1887679865600328,0.5070702796889686
0.3333278993445812,0.3022328507888777,0.32724937588027203,0.11393142265691084,0.7258545080269742,0.731587043275623,0.006097012838462552,0.006078135786461243,0.5044123048233792,0.35586568858009704,0.4698910558069294,0.6761427084630143,0.4781347866891647,0.12411959487671509,0.7780178241656166,0.7694674764397736,0.31041731385123145,0.6840964997517233,0.19513254380124515,0.5037911972101735
0.3091710150254276,0.3276008140442582,0.29466633742847004,0.14133436978821798,0.7458642488051753,0.743418578298383,0.029462909065355737,0.018193706874930993,0.5153160613535371,0.35969469295937845,0.469786321236087,0.6385652835450133,0.47189977857098603,0.1590535386808087,0.8111281838408393,0.8213492558701151,0.2911456586093565,0.7209435331000599,0.17649535614962378,0.5091480148558349
0.3547798941009275,0.2957528903013243,0.31011839052651596,0.1535787401807362,0.7621545863830349,0.6526766637210483,0.005941771239208651,0.0,0.5060521596438813,0.34396403013207494,0.4974344884836827,0.6852494632973922,0.482588433536306,0.07934050274089699,0.8062231787692256,0.734076079412725,0.3047711614127909,0.6988782854744264,0.1735220814156946,0.5027795130472656
0.28756810017200307,0.33613891892371733,0.31421385424744736,0.16872778847017023,0.7975653122149742,0.7565823833562881,0.015243859251481206,0.03986006208886407,0.515911075669964,0.4006073933728338,0.501370991169106,0.6796778030753553,0.47293759639995103,0.15399214875181294,0.7571698249464599,0.7802240065784997,0.3012268732848173,0.7232596176078367,0.22327296155848175,0.5083536281003449
0.33847806820832793,0.26962060959259754,0.31231006431196534,0.162294732215129,0.7763448961832897,0.6876421215654868,0.029328625748246337,0.006797397208041257,0.4964132373012081,0.34544214882468327,0.4782285786546242,0.6406173856774507,0.4806169898551388,0.08351949726396009,0.8386437142142529,0.8122343383726963,0.29375737264917423,0.687602578587509,0.16750394950446196,0.5018673038586319
0.3377930377390515,0.31379138738639234,0.3216771993313707,0.15488788000291911,0.740456389022341,0.8255514404595394,0.030413789928453373,0.0223672113251933,0.4989630728046859,0.34538427695794555,0.4936942970809978,0.6399367296190729,0.46633237926959736,0.07444086264850078,0.8224112357471582,0.7784966340963162,0.3049081948354268,0.7141421232021312,0.1904264573090629,0.48681146225567373
0.3107136068205803,0.36816786997174855,0.3436273356366237,0.10739653075223565,0.740090216181014,0.7661980256038368,0.0,0.03911200958514596,0.527171528014921,0.33406026662372246,0.45846090918244103,0.6297278831529106,0.5021734883991145,0.10888601330064515,0.7205483755251832,0.7817298238628292,0.3211073109350141,0.6856500279583115,0.2304602835881299,0.5000800252047319
0.32978399066726355,0.27999006026183276,0.33663533455345657,0.09713015832175753,0.7755078734457592,0.7200050004945342,0.039941187129072825,0.0306330754915035,0.5703687248568932,0.3524781363304214,0.5075594866785083,0.637408115362724,0.5084652984213132,0.12147731248386429,0.8110968444494938,0.7844885655523088,0.2995559955312935,0.6806884998758032,0.1894189761498918,0.4857122688059196
0.28246659270844093,0.28966765088425445,0.2887556161313719,0.1333043004129679,0.8136285081464285,0.7027416114841325,0.04254700178710971,0.0,0.45799786296794787,0.36229922464093545,0.522974125878741,0.6253482187166217,0.4773321935577675,0.12735250371916795,0.7690810626333352,0.7565759503724903,0.2996890569271285,0.6978574556565864,0.22486221361056727,0.484392467905383
0.347720810576207,0.3254172354897674,0.32744139980612097,0.15732512289364275,0.75631570997416,0.7347516146218188,0.0,0.018897917900197687,0.496885625467911,0.3740715610906692,0.4904243158237745,0.6585762236086601,0.45227021158617514,0.07114712737680395,0.8438830122565052,0.8369560372629684,0.32136322069751966,0.6867006697736,0.18226862837819477,0.49327699994564495
0.31445293590671036,0.3153874534581879,0.3415786663907082,0.11109117196893571,0.7265434572894796,0.7706395370791644,0.003523262607176919,0.02701438788921294,0.46458618544303754,0.3202143147111956,0.438313367573144,0.6208790701330713,0.46952313659373207,0.11303620291762871,0.7421840065287697,0.7492784931230875,0.31922720719637626,0.6691435570192557,0.1684650918094942,0.49761153678528314
0.30431830938442883,0.3205189029782068,0.32273617041378405,0.16260687862857545,0.7003566999457227,0.73872529357074,0.04382181366292383,0.027837260443214974,0.5477607469572825,0.34508009323288596,0.4688353947520443,0.6620746603238045,0.47632022679794067,0.07943336285549485,0.7857409212548183,0.8027263730963955,0.33167872881926963,0.69635370598566,0.1521552243529754,0.5007045061269562
0.35147027677510667,0.3246756139044299,0.33681960850371934,0.17810466981944717,0.6777397367793887,0.7291420596431571,0.017062929574893984,0.0,0.48236786092040307,0.35893407221618284,0.4922565064333864,0.662561573938005,0.49011077753806415,0.05533233231788271,0.8144809820395387,0.806545915931295,0.26487539531040843,0.7021287083286257,0.23938172207817984,0.5183275765472666
0.2988696892837172,0.3290416440568531,0.3552454089140153,0.0833471632370632,0.7833134836021761,0.7429185145408947,0.0,0.0,0.45670397618642616,0.36174115069189067,0.47157034005667275,0.6167759118963215,0.4598397355365864,0.07213791053401647,0.802173611765675,0.7520551239516413,0.3181023836633878,0.7253671722299213,0.16589386455096755,0.49003071834918316
0.2777461611090932,0.34329099525868667,0.33547419092213965,0.0865231718481488,0.7788989261819779,0.7098070534381522,0.0,0.029891164714832434,0.5191456099654572,0.35013097315609076,0.5054439710850019,0.6809963721265668,0.464616753627157,0.07747298902132546,0.8305183302685589,0.7929241701752298,0.31203160090804355,0.7187361135426612,0.2224155977037528,0.5039370385294965
0.2733011247942829,0.32229455970785537,0.31998617191283457,0.11438499764378654,0.7788681762553331,0.7228397036578481,0.015012607496550374,0.0,0.5523293334422933,0.360848479390642,0.4917631452887173,0.6602721858883045,0.4902135227571761,0.11564785481057521,0.7392631205596285,0.753614713090212,0.2822869520449347,0.7243988639846566,0.17000158919619854,0.5023605542788764
0.3381802985403692,0.3027622703614437,0.3359017694816951,0.13230450672756786,0.7435670276823972,0.6357103780547497,0.0,0.004006078866713715,0.5199079360568228,0.33382072214148395,0.46587048998468406,0.6649939604288974,0.49877817664079116,0.13456640989206006,0.8660765734746951,0.8456416990022378,0.30503175835997687,0.7144071499678701,0.23952151753819464,0.4878274342506787
0.2815871194251115,0.33017721103608194,0.3178977566619378,0.09901731944931796,0.8203467372945875,0.7886863115426184,0.011731524587271173,0.04151751619003939,0.5061439363184576,0.3811581086463671,0.480645296215425,0.6348266959691445,0.4675681190965863,0.05580380110374201,0.8210057863515309,0.7444486825209515,0.32102243495516,0.7066522551789994,0.26620348173845304,0.5014748157241309
0.37264382545953095,0.36699645804685643,0.31547806086569913,0.17408810715468576,0.7257940752707591,0.7549398890160881,0.020647924273671577,0.009044014992304204,0.5122742276832798,0.36985256205958855,0.4621233355872182,0.6624475823694624,0.45333565892098004,0.11055883222624167,0.8543887285200359,0.7638441162307215,0.28341682155029196,0.6754211018705621,0.1494040982092899,0.5200544283035463
0.25754211776348834,0.3060209876085228,0.30797171528572537,0.13696267446073804,0.7977634618603603,0.7013272077983285,0.04924509208069458,0.0,0.5424452198847667,0.3231014442586965,0.47634830243175114,0.6725278689944413,0.5456823640257576,0.06469905442687282,0.8349696067693297,0.7410309996657768,0.30885124858045615,0.7029974439587054,0.1674573069752356,0.503730124337668
0.3708936910487012,0.2807641208598808,0.34626826717664216,0.12157788192962958,0.7480628552505229,0.8349367490677619,0.01419092167544422,0.0,0.4737740218995755,0.3284979390376649,0.46890813519134894,0.6480278320199064,0.49566608474177426,0.11887256227042,0.7995355954217983,0.735692050925298,0.31742707351462035,0.7119358755466162,0.22319395591409674,0.5045316785805462
0.32633052401607854,0.3432124200786092,0.29863142668116,0.0625636190452589,0.7195824617660331,0.7443508240196193,0.04145083599145517,0.01665438659170376,0.4966445868774106,0.3290615649978619,0.5034952360046607,0.6900384491849673,0.47465992476465935,0.08131808256988757,0.7486320715635536,0.8536486116352918,0.2785796087493702,0.7291487589874087,0.21539128770097446,0.48589343338114666
0.3170986066438882,0.30638856508139206,0.3456473544935623,0.06736736734289972,0.7796265153658881,0.6881928214012402,0.048575203240735415,0.0,0.486419295544714,0.36355939941793053,0.5223202411366199,0.6508812926982588,0.4973806255106168,0.06846012945930163,0.777457872750052,0.8117109869565026,0.297154286151097,0.7137257708346362,0.22330765564280575,0.5393771770240975
0.3036524273957315,0.24481991361957892,0.3249972824748074,0.13124037001127226,0.7704818059341997,0.782836871073523,0.048686193387041526,0.005053280722071637,0.4649640407812487,0.3243054446716506,0.4513762333352849,0.6728157160090495,0.4775108674057115,0.12398993546042725,0.8635825333145032,0.7956117370280218,0.3060193675328482,0.7248076686921084,0.18278733348786874,0.48703287259355
0.3319740834305621,0.3354226503145126,0.28701387650396115,0.034696174953806544,0.7678486379633463,0.7599024108254631,0.025695091867711364,0.016664610699800436,0.49014874221749594,0.3433795133158384,0.4415356742758049,0.6558601761451731,0.49734313778200373,0.08239232183664716,0.8554175112662553,0.7637369214661232,0.2840773698891409,0.6793600421726952,0.259626024830701,0.46664433078905043
0.31887095892725453,0.2939401544213823,0.3223529858598284,0.16050549638576286,0.75406392110281,0.759728999274211,0.0,0.03598299641095335,0.5332316328794735,0.35909408792833547,0.47509655156297226,0.6617104306571374,0.48318786395552443,0.09052108145941906,0.7752160007958524,0.8263044724418708,0.28241693601812906,0.693471647477038,0.20354148400069325,0.5172036824043615
0.35309905646049566,0.30728400153087515,0.27299946984696755,0.11367384622510718,0.7481053459141584,0.7187122197674205,0.029216497308077308,0.023350961607399915,0.5169980644517818,0.34867668130907126,0.44963168602342635,0.6165733546473046,0.4818254379633514,0.03340032737330871,0.6872678285519129,0.7570311024253019,0.2972991079627445,0.7085870142732253,0.16349112269469443,0.49770365920703147
0.3234268294598612,0.31995940991707045,0.3275101603366207,0.24972371878378932,0.869418599643522,0.7625247861889017,0.040967997756270816,0.0,0.519329315003246,0.3551777503142541,0.48092423207341833,0.6574210747643073,0.4777283626353842,0.12839654084270422,0.7914924106277953,0.8217455717732042,0.31603279433807385,0.7232190538148512,0.19240554499871165,0.4939391635810585
0.32450905284385634,0.315714990393372,0.3327046296597798,0.21231665002464442,0.8092128322598087,0.7269120854889453,0.018378657891291658,0.033568386351274404,0.5043942683495996,0.3286839457730248,0.4949787222761185,0.6353004979748547,0.45105237333073817,0.12462725563507322,0.7884918844748354,0.7550995489357746,0.31287468002384217,0.6970954270832216,0.16389299311313504,0.48908892439176943
0.30909163363358433,0.3312835545141712,0.3031528808869589,0.11274203723009933,0.7861413447492756,0.7677970725822921,0.05489167740150497,0.004009699249050449,0.5156997134818576,0.36189708746794486,0.5098828379453365,0.6330720338844462,0.5187618979878628,0.10016373532843942,0.7900090955183847,0.7642196919249732,0.28277174541627315,0.6983510808170169,0.24772824075662317,0.5374342924863168
0.31829163128836796,0.2969354088829047,0.3174709539191117,0.1157465198987474,0.7555899579101694,0.644752777299468,0.03719667122934915,0.0,0.47598228972955686,0.33773576215048007,0.4840278911743056,0.6848820636893196,0.46116932159464513,0.054172571759327236,0.8211415680732561,0.8203312954447168,0.31304335770231373,0.7137428061200596,0.18019006211599653,0.5070918055720937
0.3292340530667618,0.3253931739452825,0.35408314867500573,0.15982326056008117,0.8003578600298334,0.7183063268510406,0.031365467543055685,0.00655917281469055,0.4907147034221831,0.34350760651204115,0.4761368955030084,0.645724595038753,0.45279952847378807,0.1362810753500429,0.8350485031728666,0.8245530937662308,0.2832812044766698,0.6774825834570974,0.21477450454233868,0.5109950244329017
0.26869494822030127,0.30221359967248246,0.3048850659147613,0.18812690439672153,0.7758997388195726,0.8261077548904098,0.04172761422411676,0.03876338402291404,0.5057601271090603,0.3547546345581197,0.4404323016685383,0.6299339633804901,0.47574280234487265,0.08001209840917627,0.839611981883981,0.8138989173558705,0.2677966040401313,0.7321480909964685,0.1858798056505346,0.5032523124716454
0.2795544373368286,0.3321643144266251,0.293821848258868,0.05447883770255932,0.7513102376387018,0.7016466272299849,0.026667397025217563,0.013304801001298504,0.5083254757664567,0.3520615644306169,0.48052370298371594,0.6428173674378225,0.46077056372978986,0.08639939649698236,0.8178283656054147,0.7480130353697283,0.29265712857905535,0.6824172781378463,0.1815383807071246,0.5054009922689039
0.34229792282068144,0.3284610245203916,0.344633268049252,0.048544981385812536,0.7348217837367043,0.7098080851253407,0.0,0.010250437286595727,0.5096056356476562,0.35047960038031184,0.48142574521098924,0.6239909954215618,0.47896574418879456,0.16936132169078594,0.7279691719230946,0.7721309253710869,0.3224593874317147,0.6616282115288139,0.1426923745615685,0.5279724922111882
0.32512596314383824,0.2819368389386621,0.3542517438106159,0.09511860777782474,0.7459541331168655,0.7176019330775012,0.010017220970592688,0.04274423289405707,0.4958499415395087,0.3349874635604649,0.4927791362842549,0.6786776893639255,0.49375527697123534,0.07889090667672312,0.7863520106922682,0.7962759496479406,0.31311921104282747,0.7002013401704515,0.21794523808971702,0.4949829067754461
0.3144804999094196,0.342579463485251,0.31507391343695695,0.14330950332695458,0.5914787132060972,0.6792596932055678,0.04394336054495707,0.0,0.4886772979660901,0.3440090117760161,0.46583023796941814,0.6360863851166697,0.49990605801058446,0.12226629887279501,0.8921635913419677,0.7560287615235963,0.2999685638525361,0.7339691740475113,0.23897543757887552,0.4708612490895854
0.3205530179919618,0.29392109664657856,0.3352292607081671,0.1398749436203039,0.760530041964882,0.6295859611885873,0.0038481731980340786,0.0,0.5947331384913289,0.3500436718167407,0.47129894799528277,0.6605859986788734,0.4962946144324336,0.11686276786247854,0.8149686693920992,0.8448385104051718,0.29166589032817886,0.7117290626066721,0.17252097255904547,0.5173610930845556
0.33042745116085015,0.33424173394843437,0.34182951831061764,0.16279085819935402,0.725576195994482,0.7284706800738193,0.015530549895261217,0.0,0.527203618187972,0.3224982953366583,0.4504399548939163,0.6771221342842065,0.47388735890428635,0.11170516578640256,0.8147127827377546,0.6939221222419782,0.29220475727767137,0.7150218108600727,0.15364312655003987,0.5099340322448478
0.30380720959071916,0.32101861940204024,0.3001503153492323,0.07201209886538767,0.8296334999141441,0.7467929712040828,0.0,0.017452963729601104,0.5123944242785786,0.3407493406737324,0.4341741438623187,0.6399969463757055,0.4809918365532317,0.10846001627663533,0.8143794375909543,0.7588504193852339,0.3021756981172159,0.7008277152461423,0.2240994812821349,0.5021595962577009
0.29665085823793064,0.36514551030385367,0.3052938832926426,0.027354245481244932,0.7509672035405878,0.7373747465730673,0.05567845190403538,0.01332986254230249,0.4930037450538082,0.3577535975806569,0.4578300581840643,0.6606404486454558,0.4881575810179498,0.11129165685667598,0.8166151849002397,0.7696173398852068,0.27863125028308344,0.6969524500545764,0.15061275952681247,0.5094150648309558
0.32587535765293046,0.3032960205288444,0.3396174902630947,0.1543205678120858,0.690551829023252,0.7327560719026056,0.053629849148360303,0.040854727345595525,0.4864634351916837,0.32445126792309315,0.4485934837149397,0.6293982789019115,0.44484425152115853,0.10815821772821621,0.7046755127565631,0.6762422534091294,0.293037853095974,0.6691018126081376,0.23658598807844777,0.4925851155941165
0.29064881667154907,0.2995204961164541,0.3487002855741702,0.08687214908139061,0.7475059922935942,0.7421520435425194,0.0023226220971854124,0.014869501542735405,0.4960759821881913,0.3731316330318848,0.4867342459084122,0.6989153913822737,0.49141169400239715,0.09844244923671817,0.7904190273235573,0.7341508347905524,0.2956886107728046,0.6548122748419163,0.1728681463113614,0.5004138516570852
0.33224758267143417,0.309417411823368,0.3262576172034871,0.03926048542445448,0.6976939457468748,0.7911420735775382,0.02294596000778168,0.0019168568104139458,0.5087848653076005,0.3753922652519968,0.4696373188666628,0.6687276026923324,0.45085401424832333,0.14533849372332228,0.7984842867282125,0.8150115805016828,0.27297851083097,0.7039254467688172,0.16690121771526123,0.4973659949228018
0.26892249187286477,0.30090460651497175,0.29740371292995893,0.12580254983837527,0.7736703707856233,0.7304776907035392,0.006390119044719048,0.010035897457562141,0.44358693367810753,0.32509698848079827,0.4692352573985042,0.6461478712247839,0.5208069319781298,0.06062018317602166,0.8512598159701366,0.7912113454621186,0.2832310349820485,0.7262509838868045,0.20745387263393875,0.4881702348585817
0.35087466911976933,0.33399825705826147,0.35474122223398885,0.1517270275287471,0.7645473682169742,0.7112958711456365,0.03229889278062756,0.012354148369219163,0.4529183121387595,0.37715239266100276,0.46031173907649575,0.6345433253822208,0.47190969830716606,0.1306437431204613,0.8019069157848919,0.8529254408817162,0.3082101358297276,0.7068826740965612,0.16885582144965688,0.5237834556621
0.3341779244723913,0.26151068174690234,0.30438058204376073,0.11511771471514891,0.7978919815554134,0.7259437257555956,0.03019366154484658,0.0,0.4808935283318313,0.34712836822575727,0.4153486913497513,0.6477200689432075,0.47630249645610817,0.12467026896062655,0.7341395445359225,0.8518090578353928,0.3001902367988199,0.7124719905410403,0.17878666756120373,0.471754827451644
0.3276808920294163,0.2783895274256094,0.30829724437657097,0.10168606455270043,0.7104559104152717,0.7689673379878388,0.036234111432265306,0.06420663288669785,0.5062141831033571,0.35837029118314107,0.510166214974951,0.6432003255529697,0.4646058580152429,0.12095197363988204,0.8172035662468702,0.8073218551441579,0.29382476417613235,0.7316743509127908,0.2106194579801302,0.5472176434362593
0.3494807295183654,0.2779659123526242,0.32184675668979246,0.11362551071416373,0.7517004048114073,0.8106013439271624,0.02663836895415775,0.020397420362038232,0.4928218055854445,0.34006697895743504,0.4599945895444642,0.6890588910799902,0.4674005993628862,0.13350938282920385,0.7678470140702902,0.8025295299600285,0.2817714512492407,0.7065753370288211,0.12712662988500062,0.5175472441841296
0.3699642333338773,0.3385092277592073,0.34608320841429546,0.10517668950396868,0.6817489102286682,0.7085928130415411,0.07870812412776937,0.01420016616045178,0.5443436367829845,0.36846089654453523,0.47175159860300186,0.6254893055557019,0.5254818713828647,0.09722201814194821,0.7513285743567434,0.7926372443431561,0.3315369965117843,0.6975468979938476,0.2492725773778497,0.464440489305953
0.35043110195054394,0.3613184011774577,0.3320795195310445,0.06607811552239332,0.7850747390962357,0.7449466893514441,0.0,0.02230327968557161,0.4555280963901269,0.35812188037697334,0.4509021566942138,0.6526960284658041,0.4988073937724659,0.04393077772519371,0.7666336381313368,0.6837967192848204,0.2832404157064136,0.6836295038869986,0.20130920397397215,0.4955166734101814
0.2647737730600507,0.3068665234438758,0.3232973100072382,0.09141277292038272,0.7759435590220061,0.756917872096798,0.0,0.0241882196117321,0.4774596359118989,0.33371693486804793,0.49943860686881264,0.6496332386673258,0.44901595109704323,0.09783122020856543,0.8217001691865806,0.7342176194669571,0.30503185614523476,0.7404442512594417,0.16121101962789416,0.4966290816819288
0.28161269099792896,0.3049353483042997,0.3242657706023621,0.1408511962005526,0.7747902510513786,0.6903710996635588,0.01213819598597077,0.007188930289951366,0.5456027522297331,0.32669596000069423,0.48286857874074646,0.6476517939931027,0.5100842580137046,0.07026417347126337,0.8503504495904027,0.7940270201239574,0.2902426182385241,0.7105309555830736,0.16948263892139476,0.5078377325788422
0.3012554426691296,0.31210156489339547,0.3158702933728693,0.13286714165506,0.750080951567847,0.7410208583606459,0.0,0.0,0.5039335797402544,0.3207939512958155,0.46347269429468263,0.6478276669012332,0.5038648455028286,0.07804422370425809,0.8193171978071035,0.8146410283499069,0.3007255858527667,0.6811279656816134,0.22974939134782407,0.48021243458520557
0.320782731506325,0.3448563490782457,0.32616279029037015,0.1267223922386728,0.7707386445394395,0.6667163071328952,0.0,0.02198901372643408,0.5265452774840348,0.3537588355286551,0.4721554077731195,0.6476785837975904,0.4743757507542342,0.06272740978502765,0.8252809289446809,0.8015867924855257,0.30915219483880746,0.6765766466439752,0.2180315880522231,0.5006405068673644
0.3355297706140737,0.28217940597428276,0.2644087984461139,0.08019406072586482,0.8302169554154298,0.65154748481303,0.0,0.017714216810629048,0.5615374082980839,0.36144942823559467,0.5135635984424973,0.667461321326642,0.48613393884059675,0.08567965424668497,0.8189218109135201,0.7543014012913737,0.2725948682158423,0.7250612745385782,0.24160341971855634,0.4975776120375471
0.29822768560539603,0.3171510694820435,0.30906785081860405,0.1127398735145733,0.7357452871478993,0.7583373203946129,0.001556221891367452,0.0,0.47918586746294534,0.3630193135755888,0.4785406113623744,0.6621796889298487,0.4797011184115785,0.08210128918049653,0.8040530870744188,0.8274962512987799,0.29986767511693024,0.6792511660718334,0.17951771465587296,0.4852476327485312
0.3256030029343124,0.3392559288934729,0.3198264386983356,0.03291739814228581,0.7569322591855042,0.7208062629334608,0.0009076379609987972,0.03838071222734528,0.49702056986623905,0.3476403781078524,0.4763653292476819,0.6583782322274557,0.5194515980889386,0.028672905102186938,0.8278772253985104,0.8492977611501855,0.3238145729795969,0.7370766831500444,0.2088975151145241,0.4824649553705754
0.2973385120294003,0.32503282509819537,0.2919797183276099,0.1271390665554156,0.6956936850409295,0.7501140203810609,0.030364379008908232,0.01586704072645967,0.49182719297207383,0.3268600708867127,0.4611723702772147,0.5893202127570947,0.46407419622015816,0.12100665733846869,0.7032489813172232,0.8275195840116536,0.33523003786984007,0.6448707440581858,0.21279703735351033,0.5183760929340472
0.3016544659102416,0.3156874484979623,0.3227264663562312,0.1771543083125427,0.7065869519200834,0.7391052511495825,0.009876218778293278,0.024596387245352614,0.44136220986550173,0.33635850403952433,0.44210837699055394,0.6559958974832633,0.4829202121955145,0.16660965574014647,0.8044435340521934,0.8295839731836189,0.2973997205348974,0.7284519039557995,0.22085802500756713,0.46606834919914814
0.27780016709455335,0.3400313827770142,0.31091057558027757,0.061034714718315765,0.7548906646546654,0.6911799975668101,0.0164097085025504,0.03783841775359838,0.49068809588732093,0.3730469727792385,0.4767992265284131,0.6168872127965984,0.4714370933801439,0.11818711580488866,0.75820299861511,0.7676309680817917,0.3008336241443382,0.7097378962232392,0.2338184337029621,0.509557578721921
0.29230300261667286,0.22890303121002287,0.3501095139663098,0.09656289306728978,0.8051966773350954,0.7377372849017831,0.037884655490018695,0.010437776423296696,0.52643186562142,0.34030742870799835,0.4865097022464923,0.6629264032627166,0.4513391919076429,0.09391228130397317,0.8465161029017656,0.833037364908032,0.34422666057203066,0.7023718884611374,0.1784820828246696,0.5159502061375625
0.27944946183151,0.3303362595859272,0.3464603945042971,0.13316427114840518,0.7371859587874213,0.6783449347492573,0.004673549504371474,0.016339040139682307,0.5162176862543673,0.3528683526136295,0.5019916892865534,0.6794899473514103,0.5238327651010998,0.09835760812971354,0.7941137877913256,0.7958303455731063,0.32269848563198394,0.6964908312991647,0.19657489196718558,0.49562883323323165
0.29072380241068,0.2903777295061773,0.30568388861763673,0.17011370537709936,0.7382041735343938,0.80954861790007,0.014709082025905557,0.026200544770122333,0.5185724950816403,0.3284869903285022,0.4350300693100069,0.631475217748229,0.45636866841795176,0.08737042395960473,0.8012379235307132,0.8104622211408802,0.2876543086148956,0.7378145969718806,0.18169550763259565,0.5010474567944999
0.35160925389823516,0.2550810130943063,0.3119832457686661,0.10207101534799401,0.7296557377747812,0.6722014827570018,0.02731519972185831,0.0,0.488734730580815,0.3567316609091807,0.4574980734595394,0.6447643855531459,0.4844025837497555,0.10270124751600876,0.739797125029848,0.8046172737129884,0.2876203309822775,0.714141177168024,0.19842164379930874,0.5232698999939476
0.2915180333350417,0.32533607798574943,0.31352104868783215,0.09230998682936414,0.7232621664577839,0.730210736451571,0.0,0.011081033256920019,0.4803170829198308,0.3408463087664184,0.468385178188871,0.6380128858989401,0.4451859878723933,0.098889757177803,0.8406732355605141,0.7851405157823836,0.31913098923574534,0.6819359278220909,0.22095298346188927,0.48590296978551883
0.39897146194512173,0.3512097563548887,0.30596681047680757,0.041243074303356664,0.7647485727854411,0.6878864205976376,0.0,0.012510971733022966,0.5380776701569586,0.37093425427551524,0.47993038302853597,0.674708635515136,0.4720185892151381,0.07476854708805117,0.8250931248109524,0.755599900995108,0.2797792573990854,0.6656218008794224,0.15037893499217894,0.4879669514222175
0.3347995370264267,0.30587654456116925,0.31890049968056255,0.12413752517232425,0.6751371177410678,0.7685210586680398,0.026922346575954454,0.0,0.4850804856092699,0.3654711541241362,0.4770993261694315,0.6519005577054415,0.48843937642866914,0.15048665166843495,0.8222779152936202,0.7867145334578381,0.32175453502677703,0.7035459442629461,0.23328114708377856,0.49009032637801386
0.32554508371084623,0.33858623641608815,0.2998343586222482,0.20168304160574976,0.8140469788333364,0.7234284314359248,0.02984028561133797,0.056352735773477575,0.5088224611637964,0.34008588106850196,0.4775662262862546,0.6845665876113267,0.46350532040995274,0.05538537292870688,0.7674790859132472,0.829470464699313,0.30668599927502016,0.6999785773292516,0.1658245362720875,0.5233065119844656
0.29424926659456363,0.35836834773965937,0.2923876933012495,0.13109433847858704,0.716728885093527,0.7140666640189395,0.06128440269704821,0.0,0.5049000404203261,0.3474667194530467,0.4881619211713989,0.6582750840589477,0.4917360370147131,0.12154994629582738,0.7690544062024749,0.7723409677874836,0.3103544152805414,0.6696026392524898,0.19077889040908308,0.5258458749376942
0.34100929638226973,0.3494474336075214,0.3274542244780054,0.11910884083265147,0.7860951742719071,0.7826600772525777,0.0231618975173362,0.0,0.5438515104877135,0.3389776751991874,0.4619341377844178,0.6548490036127164,0.4746191781622383,0.09696407118047405,0.8089439781778363,0.8257338905043259,0.29486532393039894,0.6988921294903533,0.23731825774898374,0.4720821953107276
0.3027308652128668,0.35919893588114177,0.3275905916844362,0.13288329243067942,0.6865000701303062,0.7414715295838776,0.03639479434516189,0.036284531514071586,0.5291423707301708,0.3216113360690998,0.49868282884467385,0.6513641356520568,0.5032016502479723,0.15702495445197234,0.772220063590078,0.819482826824707,0.2874035039150718,0.6885213073385159,0.20984029153950218,0.5201248149462327
0.32366029443936084,0.33226382473215677,0.29891368480680014,0.11955631984205592,0.7834420065273109,0.7658322222967984,0.016090547128280522,0.024265325015930848,0.4611422413799864,0.33285115140905563,0.4886690488339896,0.6663598419851468,0.5072352182668044,0.11022593797744665,0.8173957185070936,0.7780425041192068,0.3292398566173664,0.7001858013661338,0.2101858984479098,0.5163781661269456
0.3968025361480638,0.3122630091670478,0.33290710861525197,0.0874794251095948,0.7835972303907248,0.6909337031741267,0.025944544431701726,0.0,0.4643734049967488,0.3539643465544164,0.4736033547174384,0.6152462760350932,0.46826510478539973,0.08920283388450256,0.7135634958893311,0.8455520041447832,0.2950652543889305,0.714518472232968,0.1645812186411467,0.5310718962089965
0.3171182030082605,0.26194102564308497,0.3023684454166934,0.15293119662710822,0.7692101036002948,0.6697591528036246,0.053345136834990675,0.02214578030203386,0.517367294542074,0.35650518996459163,0.5120181598377783,0.6517068791104103,0.4815346571878591,0.09256878404696509,0.7804982177437363,0.7757781331523718,0.29178129846852274,0.7298521989492807,0.1686774219252848,0.5077021606425276
0.35447819978857026,0.30261812535610155,0.3200633047607596,0.12903046092447018,0.7002785739100104,0.7453603981020067,0.0,0.03935700889994619,0.498069870578625,0.35297095807185275,0.5111283207114353,0.6485990711254407,0.4836690845294446,0.10119720083559285,0.8718701386170598,0.8503818745045053,0.2983972586424038,0.7181777807273857,0.22823769190006757,0.49911479759442845
0.29890470724622337,0.28470260214051424,0.3314068802522491,0.12070453007734629,0.7624774094799038,0.7240576822252635,0.02827232515143361,0.009394738848060285,0.4863448464813871,0.34396533892082726,0.49865790710387614,0.6645083765431553,0.49238698590869395,0.06571627915010798,0.8175794331198306,0.8073650792616389,0.30386044265435885,0.6855711850033959,0.18232569363546833,0.5229043337314332
0.31895034528509114,0.3751282815249344,0.3143277487059257,0.08098535890886999,0.6908471907632805,0.7713217336226972,0.06271173460154732,0.061976458001491645,0.5304688365198341,0.3686613321144197,0.4196288645886441,0.6462459678825193,0.4802876399248853,0.07699391424646265,0.8066717465812397,0.7893653632618595,0.27938349746561103,0.7073783025765839,0.18515264380100455,0.5139780758300353
0.3731240190690653,0.3047234256270299,0.3240948182428227,0.17214031727739038,0.7373618372451908,0.7360045773668725,0.025640684384186853,0.0,0.5056237814626673,0.35127083809121873,0.5115789018543595,0.6292253113167466,0.48380421918685684,0.04645168092424428,0.8794090614268544,0.7544879447864938,0.28870257011586176,0.7012621424298404,0.22891853753164138,0.5448979682829745
0.301190988266367,0.3136961442035346,0.30467140712224855,0.1465881098133244,0.8014706550477663,0.7502537669617315,0.05301145926465696,0.023876469077182043,0.5015737216066833,0.36406507656191894,0.49589517044943865,0.650147013498394,0.4751318705040976,0.07231069304877719,0.7065618552479426,0.7864695907945984,0.28763935852187883,0.6733574209073819,0.16850259363891418,0.5191741568992365
0.37437345673990785,0.326544561281214,0.31107066833143804,0.09788316650530791,0.7898350963535371,0.6588308735029378,0.007415757009411153,0.033330566724420065,0.5233948592226515,0.3145244973559496,0.5201281727542587,0.6283431894226331,0.48230479733944037,0.10281719444981349,0.7673875554084757,0.7818496194602232,0.31690560609213697,0.7079646556938454,0.20807705398658774,0.5030709595284784
0.34123255806366426,0.3113080733911736,0.3108828113823932,0.1600729941472775,0.7507591471270216,0.8344218469807129,0.01935905011672573,0.027826878032104936,0.48874673015169307,0.27155199496763316,0.5047492918346708,0.6114947557482503,0.5059588038707026,0.10900525147853564,0.7839530731301044,0.7396681445899638,0.2822807486400022,0.7371334467583542,0.20128721978503075,0.4765179123924766
0.303125996723172,0.36085153121292257,0.30006843306919523,0.10009716646459171,0.7012596712038579,0.7317879007483984,0.02067049404777175,0.005912885467087034,0.5470555695641767,0.3556757605567616,0.5115668535499457,0.6645424496297099,0.49292166482423705,0.04062010915010795,0.8343340493202156,0.7812953830912933,0.2648846428448389,0.70064853208374,0.19991942822410275,0.48838165645611764
0.3389722321716656,0.2913205191479664,0.3114645167376844,0.08871986029955851,0.7822793856087097,0.7748793485169599,0.0,0.004191170359777012,0.47635857130300974,0.3215046869255702,0.4975730970036076,0.6615812314538935,0.49402511278886735,0.09588364890867399,0.8350262545291295,0.7578478727961167,0.2606581087418769,0.668116346405492,0.1844469310436749,0.47128090043943965
0.3491766334888019,0.3158382236571173,0.2840276340227251,0.08961187530078851,0.7509690618849013,0.6981954164890186,0.0,0.01888290342174515,0.5197078719902627,0.34575096594573884,0.5069738639729102,0.6593418188798715,0.49446140648271153,0.11690229852466397,0.765359731640695,0.8134396707591514,0.27059239730648565,0.7006053734221723,0.18260434455610017,0.4956987592787827
0.3386542988665159,0.28772588242905855,0.30517692505715793,0.049157257876476346,0.6339842200884789,0.755400495110867,0.0,0.02631508973304139,0.5430149851597953,0.3439580591795079,0.5198824748146887,0.6760585684389162,0.4769238244423793,0.09511263419871295,0.839918172885702,0.8422512190291281,0.3272307640569622,0.675725756020535,0.16764907508615406,0.5185213518646569
0.2728932584032863,0.27039932466337885,0.3093024901326066,0.13886169521672823,0.7891314913158259,0.6748577618237628,0.03644132156065055,0.022049468725647267,0.458681135321837,0.3817480120483107,0.4843310947675641,0.6366993621939215,0.4863765408715906,0.08098634062666599,0.7838674093071317,0.7409233729481904,0.300324131989681,0.7172721101377257,0.21447995078123921,0.49992657823038966
0.2981858847252539,0.2916469272728414,0.3098764049500924,0.04675420486646599,0.7487883583065154,0.7626033919129835,0.037443062113681105,0.030801157815867786,0.4896999447244265,0.3579999310588721,0.4485553891184374,0.6213777171445749,0.4582965264332851,0.08763516564855359,0.8484655850259667,0.858492309134677,0.31002498173614407,0.7104972998345025,0.17995552425449793,0.5204345053752014
0.3125744409334549,0.30888889608854764,0.31017005108258444,0.07086224674936949,0.8101225623991536,0.7222012957807084,0.026480728854130667,0.0,0.5342662217865667,0.35331718053597344,0.47385078199969716,0.6485994044638391,0.5053761531263391,0.08377709935068334,0.7586942920751177,0.7848579586245948,0.3107297545424266,0.6965817989305051,0.22906233863501754,0.5067514746687802
0.31776699712699863,0.2971209332644822,0.31376471600279743,0.03697647963685867,0.6952364740578598,0.7414595251967784,0.03648205793711412,0.005444580417527307,0.5347173364319308,0.36673982309267344,0.4877989119876687,0.6430499940058818,0.42434079135313557,0.08089808322675829,0.7950675360373536,0.7509991446024594,0.30112367836784637,0.6933767146828835,0.19326334875228043,0.4919381542049198
0.33862016292652036,0.28922737060378434,0.32458883036172126,0.11655721228836427,0.5911648093402,0.7748987015065049,0.01671701174556452,0.0,0.49485513198835285,0.35736995173678077,0.48149775168743114,0.6331540856645986,0.47825703215329146,0.10521470575734546,0.7803933073849376,0.8203101912083274,0.29850437406697383,0.695755313967689,0.16824648531736888,0.5017525031033992
0.3253310300279976,0.267810476089845,0.33249034148265044,0.11398718158912512,0.7639541929172593,0.678372984438986,0.044038633390790866,0.002277744478277167,0.47795986718969424,0.34084646014023134,0.45506876067681146,0.6484030169302442,0.5028179195430055,0.16923064683206354,0.8422412148626286,0.7721418208697981,0.3208905285963628,0.7001654898868463,0.1928655835355474,0.5094419338211019
0.27993966923869695,0.30750683282113916,0.30200469546303466,0.10693215147254544,0.7645781838340986,0.7057754134693601,0.020175768852641437,0.03030441783628611,0.5286780746699229,0.37142951860509116,0.4473786474961004,0.6377678970759083,0.45272264132741313,0.07768900249284451,0.7790887513373532,0.7867305329587403,0.3029199182862528,0.6845552995731691,0.18767428402590577,0.5027844679692723
0.3314059355301789,0.2648583887790699,0.2909359828922171,0.07829689221317694,0.6654664186196774,0.7628662140543383,0.02115728094853513,0.012159678414504577,0.5355064730774481,0.3278049974422345,0.4651767466273034,0.6132798943328635,0.487995598352337,0.0904557210201572,0.7983020588395298,0.7738288702315169,0.3279819495852683,0.6722449383799712,0.2302731023518416,0.5030136845770383
0.3383175723585147,0.33280167891068807,0.2941591117551379,0.07311064986253439,0.7010750227066697,0.8449110737273373,0.014688147334751774,0.062137183262995395,0.4650600995446282,0.3564649437506712,0.496154791119683,0.6411764661841248,0.46638467106841947,0.09844906181874305,0.820272455906522,0.757330482725404,0.3124165989057973,0.722773978933893,0.18892999432245405,0.4846189978482659
0.3367937134379312,0.3124731925880351,0.3052559415761015,0.13857479454186297,0.8877608871859951,0.7330958832669259,0.033689009552728556,0.01386812734379434,0.4638825905310086,0.31904860411727376,0.5116067954164594,0.6272724966659229,0.4726239346962226,0.0793793669692512,0.8218103393210449,0.8189598812960762,0.28764407453037943,0.6922919804700608,0.19171368856399024,0.4913404746951557
0.35242342176663866,0.2662734550160521,0.30796157364366983,0.09797792273166049,0.7347194692923098,0.7695568058961966,0.011576023667741736,0.011193837611594726,0.506757700459508,0.3540788771503199,0.49833135227555403,0.6546329614322185,0.49891881921278874,0.1329470741057028,0.8354781042989269,0.7785479438842325,0.2900573195226013,0.7033408620833829,0.24234640116477307,0.5451692159230929
0.3450176646364671,0.3007237276885041,0.2996000786760509,0.1326543328614458,0.7865479488188108,0.7346514265070759,0.039528627543961366,0.012123658388804326,0.5188808190028668,0.35385979283545854,0.5011485457422827,0.636879304835187,0.483961138517703,0.028873438800806867,0.8084449910737868,0.7325339283128302,0.2854507038709144,0.7057056390233498,0.21524801964390047,0.5245693298084708
0.3337754023768531,0.2874353078322825,0.2890776667150021,0.0845900525550311,0.7174670086315809,0.837112279737815,0.0,0.0,0.49102792744309837,0.38352909923829326,0.4783836885367288,0.672232629482821,0.4393128826423127,0.08406822488863974,0.7832700433888068,0.8120424049686373,0.3243509604390143,0.7064404095931043,0.2498811804801049,0.47052318206380567
0.3178950286562406,0.3195752353125754,0.30587758345051624,0.12724250971084328,0.6454848550573422,0.6526389166517372,0.0,0.008843267752448125,0.5203788145994704,0.3187005221311644,0.4451583508458807,0.6820773213453574,0.460471489205368,0.12454941208959887,0.78601205018565,0.7417767059590499,0.29189898094108896,0.6765236400580315,0.23777135012191716,0.45266062084987274
0.2701711719945203,0.35021351338069434,0.31862853240227945,0.17213112149264254,0.7414870876602048,0.7447310522334679,0.033748535102530085,0.032555760542232914,0.47869590179487853,0.33798225648292374,0.47089558838234585,0.6635876274602381,0.4995067146977752,0.09117717074834099,0.8010268926083045,0.7438695930929897,0.28403054406400735,0.666483196708963,0.17338512234911438,0.5015238484289745
0.3328885465739776,0.25374482591062764,0.3269005893167113,0.14344663201571134,0.7367197719856947,0.658722798321897,0.018229115708339745,0.012279413362555447,0.4365591920277879,0.3664536485314829,0.4748247117625524,0.6189794763603336,0.48897885436385996,0.07537483123449126,0.8099836990429754,0.8377042481990927,0.3063955608225364,0.6882261495061601,0.22969852563200324,0.5178694578885198
0.3262306306148933,0.31345078237442253,0.30385153893783357,0.10350344727134078,0.7300060880665814,0.6146714214731641,0.010922171676937433,0.0,0.4872829678300221,0.35670634512794613,0.4700589502632863,0.6801039199775808,0.5149627114504857,0.11322270263316293,0.7941131340860625,0.7421464040315916,0.2980566578725499,0.707914230648339,0.24575909876223775,0.48960116325155584
0.32814736511586123,0.3051960161330008,0.3067400435571313,0.1302879588142371,0.7442679582246804,0.7548731026558908,0.0378011546495092,0.0,0.501896964395393,0.35360610102675005,0.4810938973074925,0.6815144090074753,0.5136529518802659,0.12719029706191456,0.8007681368386219,0.6973422057229004,0.30589137025150326,0.6854410026505137,0.24598439396970262,0.5204331745639588
0.2816975427253907,0.330140202293514,0.2964660338230538,0.11037339301879147,0.7632134135822818,0.7469748898073729,0.00785477171827831,0.0009959621666831321,0.4917248012031063,0.3308772859408292,0.488828395197859,0.6503758102261589,0.47315509739706413,0.10631906335645176,0.7393098455771159,0.8149144593984599,0.3377962780778769,0.6929015729260153,0.22964287950730064,0.5011930913001417
0.2875683037877521,0.31639589884713065,0.3143712165925045,0.12031520738778913,0.7424941524373097,0.7257581531128899,0.015995974913992603,0.011477268688217608,0.46524190209021543,0.3381836330381714,0.4970603037648699,0.6764585232067106,0.5300647561013897,0.0759633892056135,0.8266942113781872,0.7778454628207548,0.31826141611857717,0.7425459482749913,0.22902568984727528,0.4967387744054605
0.35159458559998713,0.28744092004783545,0.2980314273161837,0.10697555791405985,0.6867996916026318,0.7346902954980123,0.04798455900142319,0.03387173070952524,0.44553053072363547,0.37490082016446513,0.4744376027126733,0.6389664972390665,0.4804895933970382,0.11368609957455231,0.8072444915555772,0.7812937951544754,0.3005402110860381,0.6630915223039092,0.19092016868973352,0.5151223035235036
0.31881334538430034,0.30042838193000143,0.326462556264824,0.11342659176458435,0.7743092395780969,0.8949149717035629,0.05078284691621301,0.0,0.48457733586896307,0.3489698161249214,0.4419248118871081,0.6126750813030082,0.4607466293118195,0.08793852099175631,0.8400748165416436,0.777419984265992,0.2718315323158798,0.68489932008179,0.17487853746951276,0.4893624841419546
0.34044502092117873,0.2861192242958953,0.2792826701613178,0.128483734122967,0.6525314122338788,0.7270912430984283,0.05144796420540654,0.0036034744422248754,0.5269296731494924,0.35750719392288943,0.47034244561417726,0.6347943112275681,0.46732720268178846,0.12235560645681484,0.8000064202962834,0.7992667975607491,0.29000075005582726,0.7379320813714785,0.1894334804330763,0.4942658735639269
0.32084955128391385,0.34228021415795795,0.30780740655095074,0.08026565201672198,0.64748212713579,0.7655062180625037,0.014357484461321774,0.012886200388701577,0.5376859231824105,0.3476962334244704,0.48087420793983965,0.6845860173208952,0.4348654978942116,0.14449776654569774,0.7304640968591286,0.7598912303238773,0.31422092205090607,0.6991080265600955,0.15005632995701712,0.5134033452426092
0.3208926841848724,0.31063934946015825,0.32102214678383484,0.07936484692040086,0.7869590247350784,0.707531759019306,0.04461405809968941,0.0,0.5356314015241537,0.32633828969500467,0.5044561584426681,0.6201784015277706,0.5121403801649856,0.021832697329344022,0.7856621524277331,0.8490445949826306,0.27657917920676367,0.6858802966900217,0.24028385946265118,0.4993720812586795
0.34814851417927994,0.3670357205725902,0.3186766903264501,0.06445829784675156,0.7753510136067678,0.7547616287520301,0.0010209434446264362,0.0,0.4755227139455434,0.3686762085214999,0.46864384315631785,0.64999042563863,0.5118952397808773,0.10333202419586898,0.7920028030752634,0.7309507807876241,0.3428194059266071,0.7233753783402224,0.19150121121746866,0.5381755254675548
0.3045186581534788,0.3081801755855614,0.3688606732796099,0.0559891558198516,0.7471302317462982,0.7280883162472191,0.0018619425055587807,0.0,0.4653888102910891,0.3600646476906499,0.490250872567988,0.6506828778668042,0.45968985122373357,0.04792798189157119,0.829716132217344,0.807794996667085,0.300288331252711,0.7011046087296222,0.2387399218719488,0.5138765082571204
0.3228836233082295,0.2887477969926861,0.3219960004913581,0.07130869231118081,0.6802275747622464,0.7194740758635135,0.0,0.0,0.5148990384493969,0.39611273674734376,0.48580175799270864,0.6397405151206438,0.4754423142323619,0.17325365755989314,0.7171890582194642,0.8156848401550634,0.3009769678641897,0.6930338320991198,0.16305501268335204,0.5125762765666553
0.30613174133884874,0.2645885682216152,0.2949189080631598,0.12637850027216516,0.7146044529662963,0.8309449266100162,0.053457364037970606,0.013837790900432948,0.5190530003479378,0.32968837240698906,0.48087801066246777,0.6411295680032577,0.48191215088225153,0.08595626398611429,0.8016471806779575,0.759613929566665,0.2866670961408404,0.7038473785407502,0.23247874763006632,0.49900990707869863
0.3069651131770305,0.25590580971232163,0.31309071505821856,0.08428849938032462,0.7368626626156748,0.7988592481592169,0.0027204030184784338,0.0067888078099640516,0.512005088156015,0.3664514584240096,0.4986106663864918,0.6514449826847241,0.4607929389571577,0.12239119725476118,0.8205470086317322,0.7490506221888873,0.3099347551355144,0.6868378238123446,0.18515358025462042,0.5174950935341921
0.31072483629594083,0.2624759217098353,0.27947507333067095,0.14054457856924385,0.6702053015712943,0.7468373323699615,0.0174693484050588,0.0,0.4395781017728671,0.32376912067925995,0.46678317606494835,0.6387567531613054,0.44489795937457677,0.09894049421215313,0.7735404845887393,0.8306869685668062,0.27683996386955534,0.6796501787422384,0.1614689177507248,0.49354784454396705
0.3266640131490114,0.3180137995303445,0.3133880050140648,0.12138854995010247,0.7130485670988383,0.6247894032028016,0.0017935131614343208,0.0185592525310527,0.473993462453496,0.35314693135346154,0.46849627100712965,0.6215588300566414,0.47579284792446175,0.07590746257842822,0.8029851203926739,0.7503655698393314,0.34329785178202915,0.697728061447305,0.24881354156479274,0.5056475550239903
0.3056375413500957,0.325261750696898,0.29833887885998484,0.041259831462477844,0.7826165169088339,0.7219495388373716,0.03390330496660281,0.044461494352925,0.4991093362914206,0.36953013178126326,0.47976198353811544,0.6543006388588691,0.473578411410815,0.0723384085846772,0.7749185396340063,0.7657334423699773,0.3263470260930402,0.6797800607984799,0.23321935008022324,0.4816741390599088
0.3576726837672056,0.262564278939036,0.33330780551120326,0.1461990233688676,0.8213652682144608,0.8751513782202542,0.012487326785653197,0.042785130334835046,0.5146165458389128,0.3085572976780702,0.467197069898126,0.6714673316488995,0.47223177518022447,0.14757037519302277,0.7708170826711844,0.8254923584983899,0.3196859289039409,0.7002138662359295,0.20635377260557353,0.5207888278446118
0.2931617809334149,0.33685114942228345,0.30400919450808933,0.1524319458236684,0.7290282623670725,0.7284669166680146,0.0,0.0,0.5230192208780746,0.3459013505151678,0.49016024582109197,0.6673914503730685,0.48445432125201926,0.1286781418053493,0.7836632059947474,0.791389649341561,0.2721914198842038,0.7070881313494868,0.2010181365540489,0.5058120939452359
0.31439385067515924,0.2955081684494968,0.31266468168409506,0.08024549300660586,0.7878244177158049,0.7951608786026829,0.028833251283721214,0.02154144367670279,0.5043276056684612,0.3387358053191476,0.4657361539126773,0.6338052906522038,0.5085903931705198,0.1583075226213269,0.7715723203013196,0.7181142532948358,0.30410826540915503,0.7170612091210322,0.21318530056457355,0.5396502612739575
0.30680806825177476,0.3144037903595665,0.30228884317191196,0.13680766171579967,0.6542969964706267,0.81209712009763,0.0,0.006439534198723231,0.5099235141961471,0.33596085403409753,0.48452608415490267,0.6249754416924465,0.4739381456061655,0.10166360005473098,0.8273447324774533,0.8598823657821406,0.3241817279602801,0.7225584997103365,0.20583885733752233,0.5478459676733951
0.36340933653061197,0.35836661884766274,0.34977702703706665,0.08574007050363203,0.7829725620556806,0.7509481957927987,0.003251885493690175,0.013103106857307126,0.5025459637508332,0.35770425304518705,0.47799654462426483,0.6443162423569044,0.48340885997442723,0.10863758863738002,0.770601924926585,0.7687995696488014,0.31186210798715475,0.6918852699673549,0.17623172137485588,0.515266389028663
0.32589664329534723,0.33690517947596593,0.30857514467764174,0.12390681506993341,0.709802579263626,0.6979089184065924,0.0,0.002034339329149029,0.5205685812265545,0.37241371412845187,0.4842985192955341,0.6813558301959133,0.4945374104748987,0.09198425303034136,0.763883599718083,0.7738897084037434,0.2799578179073245,0.7099882921587813,0.18763843190645235,0.5013685062241581
0.35095533618405905,0.301944080562825,0.35165114086958404,0.06942006372180137,0.7653672808353985,0.6182343834108556,0.0,0.012351772597744046,0.5093859695447274,0.3473344256954169,0.4708051720987392,0.662911961579191,0.49108285853025496,0.09138753390654973,0.8707171466735814,0.8002313700930547,0.28699812489382687,0.7098504689241271,0.2588215349611611,0.4810787097574886
0.27543318880889084,0.28326423323754135,0.33128303524236535,0.04827574189861693,0.7376123790880146,0.7742081604304477,0.023570583394409556,0.013028147921440376,0.5019721298014186,0.3541097285512004,0.47321823410946345,0.6640792935358847,0.46771152951104317,0.06874339202567896,0.8384296004729614,0.815003071880163,0.2909612772398802,0.7065563743163197,0.28016470227884044,0.5180949960651765
0.32801150797607775,0.24544553796012086,0.32464133454670774,0.10468731241548125,0.8160207004891917,0.6992621998588225,0.0,0.0,0.4919489360258786,0.3522861750611849,0.48192018535994097,0.6677971390357099,0.4819275424622807,0.10252030572773055,0.725539465573632,0.8684441716516587,0.28793124331022785,0.6904108117809908,0.2468800551569205,0.5042056912779046
0.3466889238687031,0.2884254004227274,0.3223746629463504,0.11505084214900654,0.7062782175830041,0.7488075225943845,0.0,0.0,0.5024387427512744,0.3500360701271283,0.4840414901232262,0.6584153312503718,0.4909507964033811,0.07632260215341409,0.7694092684058987,0.7235972740237722,0.3305755767142061,0.6794386437507177,0.21434671820487872,0.5107606967830892
0.32246851967826273,0.30366609283516915,0.322875945964325,0.10409281225541583,0.7813803148780916,0.6775089830205318,0.01995262167734384,0.0010260863476103162,0.5145377413651783,0.32821314724575784,0.4799159616921769,0.6524121709522716,0.45743297324978444,0.11325726766492608,0.8096985188689084,0.8230380883570378,0.2615797372235349,0.7100400377813312,0.18986752901894197,0.5345957477491249
0.35196441125196054,0.28038461418546445,0.2764465484130878,0.07263877767109761,0.7360246268351733,0.7267381229764899,0.009127862078138949,0.014685185289135313,0.5080242616669418,0.37216889203445785,0.5141072471302617,0.6632461379329594,0.5052707802159302,0.10510030656940629,0.8129502026892598,0.8197203877620031,0.3131183827931767,0.6658627487561389,0.17605442318309103,0.48351153422673304
0.3044813464969888,0.30606229098723087,0.3094223321169849,0.10400403751475451,0.7420847260995168,0.7416859527450527,0.05984073271918618,0.021979926833685284,0.5114247925503577,0.3559039073631767,0.4601852616251743,0.6390766779156396,0.5086317781042822,0.10863046131027167,0.7403802853705244,0.7845134035650354,0.27415393250143094,0.6946432113486337,0.17803152768709393,0.48151391663037324
0.3622804232055674,0.31230555648876307,0.3319031594236864,0.13077179010322937,0.7408073053420395,0.7534296790522149,0.05667793092048751,0.027066979546802934,0.5402816558405356,0.3578976298000515,0.4787159241009457,0.6217107397726735,0.4655443948911101,0.15025389819070678,0.8463426197128929,0.821490947792649,0.28077497025097864,0.648927379687028,0.1834019702393972,0.4952714812325864
0.38896694370857754,0.3032543205457576,0.3140220563305179,0.11820427879509851,0.7077163447752943,0.6842588906323793,0.002641550744976927,0.00011619953866174454,0.5079549176823976,0.33386980741948835,0.4485274195576603,0.6644599386924865,0.48387340036696336,0.09886846150703227,0.833008976767265,0.8273709607054619,0.2598053326626256,0.6732719515328347,0.2645349212427731,0.5164240229950364
0.30911484318681026,0.2904999225752962,0.2868962030639285,0.12730004122396854,0.7492950517046664,0.7998455474380676,0.03114275236806964,0.015676891346054735,0.48053004438580527,0.34081559204021517,0.4874416295733477,0.6747547621149845,0.4928455651334206,0.12270181008560285,0.8192760652816136,0.7347214886005199,0.2890189113768227,0.6824573212310515,0.25418846889147795,0.5110973448042898
0.30663492435797685,0.31505964015900184,0.3139519109884506,0.09319539198183067,0.7468675888939089,0.7101552607634014,0.03498565113758903,0.02925005183906597,0.5265082035798251,0.3464773160457844,0.45769506927246373,0.6276353612128794,0.46908771687342493,0.16154528392256745,0.8542691396284849,0.8599906602352333,0.33021463303078424,0.7219344841525857,0.22238835169806181,0.48208622976608456
0.36360153431353104,0.3232582194870823,0.34908211032510983,0.16686871658864638,0.7620620124203364,0.6562765269773377,0.008050422839511932,0.03331189790288257,0.4590140498699325,0.31931750613102294,0.47443379488246845,0.666438429648318,0.4896322769137619,0.13919851207885142,0.8180915997028367,0.7276495098744744,0.30529648484929556,0.7137621604880854,0.17118160470761523,0.5151310580140497
0.36738716437192137,0.2772880276767146,0.3399378343106944,0.07295306653780877,0.7542252572846432,0.7345488290018268,0.0,0.008823342917369557,0.46755759857782137,0.3162393134960464,0.4725587134933735,0.6836153142677638,0.4832651125258433,0.13459509095364536,0.817943235170074,0.7445873487504491,0.27603276906001806,0.6889213063231551,0.2267916778013311,0.47597574362213474
0.304314199185402,0.3523279713923881,0.31375991981267937,0.13950241188346874,0.7898997274806118,0.741718765451323,0.01975403101383885,0.005581365501207748,0.510075417941602,0.3379850413872286,0.4856178225320234,0.6499550759648576,0.450641636447224,0.09079935353438501,0.8623071708728898,0.7795284930550361,0.32034295348758624,0.714587395902595,0.19284148914468185,0.48324516651302285
0.3073943954871243,0.3070423560314721,0.3340289855411617,0.16727564371839845,0.7961754308023684,0.748029471658588,0.01654308650371778,0.013822484676727843,0.5154919000335974,0.36045041532884775,0.4689441816490964,0.6336399563051651,0.4891832263195711,0.10688929166703391,0.8440487832291084,0.8669976205274823,0.3246260852713737,0.7177524592676079,0.13540971684067638,0.49769085365621624
0.31154646173418477,0.31056548868834544,0.307669859592639,0.1392363237099558,0.6974688339086099,0.8081066201842539,0.011284710060587616,0.0,0.46264846329488013,0.33693725220140114,0.46809388604612034,0.6524603734705351,0.4579971516745793,0.06045171123910175,0.7663397016435388,0.7776697348098646,0.3020809296207817,0.6967867030325056,0.20861301912203778,0.4889313750804956
0.2796664846689717,0.3312464326976967,0.2809225682634656,0.1118990309174068,0.7934386250295385,0.7281775581632071,0.028846337363289704,0.006127809779289839,0.4885154755703975,0.3296238960481857,0.508717129281718,0.638989320635986,0.4987840570332409,0.11496743202893245,0.8253278071468767,0.7887226443979676,0.3406949831630518,0.6723124371157262,0.17474260877497835,0.5177971897730187
0.29244044160547406,0.316996483937905,0.2965106802374089,0.09886811813348083,0.6906831786445072,0.7340190187815614,0.004985407859888024,0.0248917279694626,0.48181748503341026,0.33370628693524657,0.48569133580949053,0.637665397800872,0.4665757784973222,0.10823380532841526,0.7734292854016568,0.8472831441561826,0.3164312824924923,0.6958417537986776,0.1757583971272989,0.5057275696600219
0.289875776997438,0.33859409901739734,0.34625777537016394,0.16144350604185023,0.7793927944068868,0.6848407809383453,0.0,0.022838942588874023,0.4853997103135521,0.3408931515370937,0.4687789829595546,0.6586636813454309,0.47677429132677707,0.10070155375468544,0.8201661820380112,0.7779872742973811,0.31365305014585176,0.6980421518965573,0.1924877601929598,0.5353112235525452
0.29696607304687617,0.3186137249560547,0.3095201383634139,0.06308100298953306,0.7809869392351434,0.7810276751443949,0.022181659406996637,0.004594647912722219,0.5283079332881884,0.3429228207435979,0.47498332656377534,0.6179254104994021,0.5074455782689314,0.1308158436472858,0.8190645402807927,0.742862531482773,0.28393242585667416,0.6753509121833954,0.18505031081172763,0.49505629269291174
0.3189594533783966,0.29162687876078686,0.31013232041249966,0.08119502958481425,0.6544341554168748,0.7492154532039051,0.027719401851377518,0.014354364021743332,0.5211951639064176,0.3933104290441311,0.5129070990454149,0.6211214215501555,0.4899276329305769,0.06376675532726811,0.7446613075017606,0.7733106065904675,0.3125479697124268,0.7073409358585994,0.19897229542687977,0.49755595697918514
0.32702644197609565,0.320845105756183,0.3090032360745024,0.10409768938033113,0.7546489623264705,0.7189986136352918,0.0,0.0,0.4994263346043888,0.37109241256974634,0.47529670243497807,0.6503858176074789,0.4584105216085091,0.1490458855348104,0.7951261755475586,0.8448316733522311,0.3043358255520899,0.705596237086047,0.19753008349948387,0.5242076521812352
0.36651501478442233,0.27568821378038016,0.35308273179146016,0.1695061503004799,0.7265751943319843,0.6447662653267268,0.03856181221982162,0.024069842964500494,0.48362114218655217,0.37049548224563456,0.4662144675369522,0.6495538292217514,0.4597016685840183,0.12705294063820852,0.8106102809432162,0.7928345998822055,0.3103965800534205,0.7089008539978837,0.14372572721457108,0.4981815839375241
0.29004937877783626,0.3132567911732957,0.34751917830724127,0.13519070544163583,0.7120617371032313,0.8122206097527543,0.0,0.008443571277270539,0.4595105098933958,0.3733716072854676,0.4663000769974721,0.6568710915407987,0.46801394422752546,0.09788098061044079,0.7825483923602338,0.8672263303622504,0.28630828761717336,0.7055784619433488,0.245608339666485,0.5298801049541509
0.3495296719542975,0.3090031002806662,0.3593756046689627,0.08127816965959017,0.8175426165349503,0.6786160017771972,0.008437730825687132,0.004480970966077237,0.5426055481634584,0.330023582613319,0.4690174703802084,0.6875045077696678,0.4878928816671333,0.0955381123654782,0.8125883976956304,0.8195173970504862,0.30256197768717974,0.7145968607022997,0.17049869831153963,0.5108165642076898
0.31358033467323476,0.30375649428182383,0.31181909579199896,0.10758769178460385,0.717316042968129,0.7104360995315147,0.01483982927604782,0.002765523278132268,0.5177634170085476,0.3255527077002552,0.4681100455514655,0.6520902807215164,0.48716599629865537,0.11441833645745783,0.8322359110800428,0.7642076425442607,0.28366276999570084,0.6964134394425393,0.17142804844608583,0.4529442706022928
0.318516088710427,0.30614387465683207,0.3209124897749419,0.09542707423614821,0.7096811535440976,0.7579172255538001,0.007275525746961404,0.008742122662002836,0.4787999268778058,0.32786259416931884,0.4544070430330151,0.661963443006696,0.4631379539067426,0.14562553696191338,0.7987762774307698,0.7920430521786032,0.25705735800067936,0.7040357021474191,0.19014340244629108,0.5235514082829893
0.34024458476499814,0.2535445286350708,0.2846671490115842,0.0916084403106586,0.7537847470002547,0.6801721035691657,0.00869879052897615,0.001042447101360833,0.5215879849287467,0.3766901226667567,0.4575159980610604,0.6304893412877074,0.4566558102877128,0.10304823156070032,0.8089839790683304,0.7558712752743248,0.3199660913715677,0.6920451943150893,0.1967499545789212,0.5182545362623961
0.28631833935313106,0.2935382527677711,0.34453868852236547,0.15915558234227117,0.7842794873149208,0.6653245110873428,0.05742148964616228,0.02316286072005127,0.4978932913827612,0.33905616422235013,0.4634135925127726,0.6653587532703308,0.48563166810171665,0.10432092705937679,0.8553369631422391,0.7632626787740492,0.26995222036620964,0.688310015687561,0.24376939450495516,0.5190266521222109
0.3314722923855215,0.31278534703423344,0.2916444089746413,0.06513027482945977,0.7429175706994936,0.6338026208649667,0.002982318219222027,0.002094329039676386,0.4913867148541297,0.3249728763552142,0.4918314203690619,0.6394721826977865,0.47636279868419673,0.10054355432877615,0.8189278633290091,0.9691633700410303,0.3021437292956483,0.7267649926152415,0.20808270356164704,0.46178043242909483
0.3249935662463917,0.314795691759922,0.31933551127525256,0.18435123422937494,0.8083185272834627,0.7760498476452817,0.06882443444943828,0.04185928192054763,0.5130563458486881,0.3413800759956037,0.4723752542545425,0.6514284166516219,0.5231443177489548,0.1534607233810442,0.808032971586979,0.8307449804013525,0.3066600425889808,0.6591246259694701,0.21699396452328604,0.486740200774579
0.3347735379202445,0.27916974577222126,0.29305394944734314,0.15312918760738492,0.7765487830982045,0.7127406877636839,0.02874253559462104,0.03930421006962762,0.47775505250261824,0.3452278893657074,0.4758567662181192,0.6478230274986168,0.48073207313126154,0.0889335069118893,0.7616768248143456,0.824443919560267,0.3065312603172611,0.7175351997830852,0.20823608562749846,0.4882259033288646
0.32867505931723456,0.34797123522594103,0.3032226634652261,0.16363446682414792,0.6410894340134284,0.8863635046236665,0.021841102746239842,0.0,0.4896873044146967,0.3553682654738912,0.5054017605050979,0.6706594846982806,0.5162850565540055,0.09911477204142786,0.826841040455554,0.7650727873876775,0.294338418528035,0.6875891824910867,0.2069438474749632,0.48317757264879213
0.3936590041973268,0.28401475455356495,0.298254751379006,0.10148241951898966,0.7235266518246496,0.6902822467184563,0.029524807067753317,0.011394085388585605,0.5036438319259864,0.3550190204142408,0.5059001429987684,0.6238004689125001,0.45659232803791316,0.14390306962782984,0.8132059979756776,0.8527833626512432,0.30542422950559944,0.6849992364471376,0.20929188509261026,0.5348384506378787
0.30086780047246053,0.3390837160158021,0.3028424947864836,0.11400237123683563,0.721907895032415,0.693927448828554,0.07059855498503904,0.0,0.4850164642134436,0.3334363887225298,0.4743575011372453,0.6043352273076992,0.4485357412087658,0.10441032500838592,0.8513495773480564,0.8339766240717175,0.3094193413957032,0.7052315496813081,0.14201797572293184,0.4997646432435273
0.30407009134994545,0.32281583085615057,0.30421754593702044,0.06267392741901151,0.7739680476714711,0.7117303514857299,0.0001281399213710413,0.00346704873622777,0.5200725563080257,0.3637131278502742,0.4673827297863318,0.6457313460582416,0.4575982973494893,0.13411176580136566,0.8018751417321325,0.8652648515743109,0.3146992963150397,0.67020780775298,0.19250244545481415,0.4992687811474166
0.30130578420725707,0.2906131807046859,0.30403462410149845,0.09901350371732787,0.6187591471812944,0.7521567327569244,0.0,0.050048549352895946,0.5560719951103478,0.33721612932499684,0.46271139372652925,0.6593706251381025,0.5037825956290694,0.07266159829291124,0.7273493399946402,0.863324565935938,0.3346688267876852,0.6836795385610759,0.23486783331713473,0.5110401662063155
0.3033356864251924,0.3632593267782854,0.33166667823560614,0.13974619390572604,0.8774504854358861,0.7164898330607344,0.00490267606856158,0.003848571657684016,0.4773710560217857,0.3468744732658991,0.4938555153941647,0.65304538751615,0.5151220317938706,0.09384122435114459,0.7319951652468696,0.7308364284760992,0.3046838830299641,0.6830172070697401,0.3182699303242006,0.5113860333577877
0.3008783861808045,0.2741908950473056,0.2929027441387496,0.17184252247125584,0.7765513047447105,0.7706166107001255,0.02064286293929122,0.017204520741548573,0.45004624111087865,0.36373548141006706,0.4759058553295542,0.6746440847482782,0.4643564109209473,0.14453302115320688,0.8294272305503894,0.7456064204292038,0.30128097690035405,0.695572034836298,0.16387073202381472,0.4333021457874834
0.3556704959332266,0.33757462520830006,0.31941082854027736,0.07571372732790194,0.7574438401958845,0.6910705805005672,0.0,0.020826425880165568,0.4399477949757121,0.3371635719211131,0.47227010219354415,0.6587474534835934,0.47078867940480884,0.07970980852709364,0.7771922560920739,0.7498484873814546,0.28186542069299814,0.6839172462367862,0.2126923988097306,0.4870728492570127
0.36261512743969565,0.34001746954128936,0.3393591830461112,0.10537976252058937,0.8090783858209574,0.6709204140768209,0.02044678478637216,0.0,0.49548595575515053,0.3386129715283772,0.46372670849724895,0.6387230333628028,0.45662038179575,0.09546102880690878,0.81747071004442,0.7522423742667026,0.3087189264779867,0.7320223737127853,0.18286860266376975,0.47174422844417446
0.3028776111875157,0.28988139372770066,0.3047360727097321,0.1139480311906991,0.8671827026406312,0.6500892630295446,0.05387094266827344,0.0,0.4801050622962145,0.3618333609938626,0.4646066718197722,0.6034915969172064,0.44376720305763223,0.10770055692674436,0.8045693057800943,0.8029380945704157,0.31334766206281134,0.735940330329959,0.2614295571169055,0.5080061218630963
0.29502933280687316,0.35177395900192987,0.300641622185048,0.0641684319123006,0.7935373322294201,0.6288212916031402,0.023028147812495552,0.0,0.5062358150320124,0.3328453364678996,0.48640116382986487,0.6452537553160956,0.4943682339555326,0.0703253644602104,0.7933264132922432,0.7673278619161673,0.2961539363143674,0.6595601295450387,0.15938651717625557,0.49422215171331907
0.33414246669159214,0.3024986045620314,0.310389507496395,0.143653969670336,0.7974406548235811,0.7140965490262472,0.014146290820494463,0.0,0.5039779301607831,0.34230415952791854,0.45369123468225475,0.670559180045156,0.48446040605924323,0.08758569644134309,0.7961455485764711,0.8729039416305008,0.3108922500836807,0.7108864540953147,0.2187481847094764,0.5003077512900254
0.30343330867157087,0.3186608088783957,0.3385945041672142,0.09104038673029563,0.7565345012232191,0.7249509843803389,0.007636791026327453,0.0,0.45190349460157714,0.3611148435608578,0.4998973738757587,0.6421590443466577,0.4802097596534775,0.10337910045476922,0.7653844197981909,0.8661871952832656,0.29414967612901316,0.7171732687815514,0.1577836670148743,0.45842960502218955
0.33898795453266534,0.31780965516313664,0.31888215261906716,0.11218438595291903,0.7429237123316526,0.7084281486258408,0.03797023409103129,0.020891648015872562,0.4455534851155578,0.3910818488287195,0.4693231071237016,0.6505664052735554,0.4519988692567324,0.10140045202485884,0.7993688924440132,0.7897415362368384,0.31341985304177844,0.7108597040478221,0.19044299995817504,0.49380295550619
0.326087690625539,0.30597073775588357,0.304375714107848,0.10192202512352488,0.726210227799755,0.8021702898593581,0.003483344535239047,0.0510838768251214,0.5088779972103828,0.3621080900952549,0.47700728111496415,0.6584272050861342,0.5127991336365731,0.1384105606251141,0.7766202626882241,0.8682130486459917,0.31825204628059484,0.6868377301381661,0.19897060007750575,0.5223026050366563
0.27452767655008303,0.33432424819479345,0.3246775330237608,0.08842645977121302,0.7086944004142729,0.8014015104804068,0.056927918411984954,0.012956414780730539,0.5040628650415987,0.35945279525980023,0.4532604408371889,0.6296941525150037,0.4699328652390105,0.1462437158449676,0.7851097391949718,0.8495253850896081,0.3179725573346097,0.6951180887568291,0.23209075045218824,0.5281889896620433
0.36642515603990183,0.3338046616165664,0.29295415700327154,0.11971820058077781,0.7156492950150252,0.7232598506277749,0.05866719495428714,0.0,0.48722546004900347,0.3606160316734546,0.4797526812351527,0.6624647179327764,0.4906725284963295,0.07431745383997267,0.7870540382116336,0.7719717376329097,0.302356886522826,0.685034506904446,0.16768499521524416,0.514377268390814
0.37387633019286565,0.2575440408028546,0.32862719020885894,0.1113756168572791,0.6824722017828508,0.6503039443404018,0.025135015973235753,0.0,0.45028569244603084,0.328536194518659,0.4734335811461888,0.6827424358000341,0.4509087718951055,0.10333805557502469,0.7909322692040512,0.7096313862389776,0.27920063696765896,0.6915947193768234,0.21990149146542157,0.47329069413103764
0.30161633928546844,0.3491302072863446,0.32317214615403533,0.10512568470885338,0.7462064274657488,0.7116647445972474,0.0197696982384671,0.0008224630995000617,0.5141417378829497,0.3523119347735981,0.47899838802287065,0.6465437329621319,0.47618949620759926,0.12022744925274298,0.8368869382602835,0.7812812646015709,0.28776173894716356,0.6758006994266564,0.20056333170163843,0.5251880360598424
0.3083689532019205,0.26012524035892975,0.3088438305772223,0.09086153513278628,0.6657666211386807,0.7100089303041469,0.040613196164831195,0.0,0.5381569863627182,0.34940467023327193,0.5094341779672378,0.6274187115633539,0.48582748912477164,0.14549042397397594,0.7948083668318123,0.7642151147568611,0.31190314647769457,0.697704223567309,0.2081838015885794,0.5144800451000003
0.32857596172174713,0.3409763861302497,0.2982282840310554,0.13278098683131823,0.7595458262071856,0.7071432518860971,0.04189597004454651,0.027203652767903132,0.5083394732065677,0.3564316908074551,0.48355396091580477,0.6486679794595606,0.48654150436106613,0.12155470891951389,0.840948093463604,0.7982602250058333,0.34897624611480454,0.6699439657738986,0.22874998144055425,0.49765621931870924
0.33003370369961077,0.3438011541048275,0.2972663815543308,0.1861446907396914,0.748183469597883,0.7051140548050877,0.0038801653788116917,0.026205200887506677,0.47457578328304806,0.3523301610495174,0.4641068163170839,0.6055123178278227,0.48309297086473246,0.10872740204776996,0.8615141980530593,0.79356913147499,0.29318558456935834,0.6959973089154372,0.16152329920984138,0.45949927370980514
0.3397563281801849,0.2772710070935441,0.3256963467269182,0.1255954893135651,0.7573467649193344,0.7073268552137596,0.00946889733726596,0.0,0.5013365649671345,0.3575939935483422,0.4657736017890686,0.6567380652795324,0.4898904498409754,0.11999627595947893,0.834197786042246,0.7925207063559692,0.3091167535677628,0.6750283662180047,0.22431784919445777,0.5190718990132503
0.38030613616299047,0.29767557136136247,0.3395796100497812,0.15984472859644516,0.7238934214990004,0.720672919205112,0.0,0.02450162088895016,0.45901657757198944,0.34377065610201596,0.49190262371827537,0.6590454875529717,0.4573895908793408,0.1202130650300878,0.8213787414027405,0.8109473896551667,0.28887894885041193,0.7041363272358281,0.18293285440731727,0.4881566734003324
0.31469158317517854,0.27682885994542195,0.3022538450594241,0.06439112299386149,0.9038430185090252,0.7082229450592221,0.028181298766681143,0.0405362532715453,0.5317388214151638,0.35117217834743586,0.5059738658198685,0.6835127258769113,0.4839474521087932,0.07216857123146896,0.8130732883793409,0.7414991221166529,0.280520659115018,0.6864116087811422,0.23287620364930478,0.5069233164210957
0.2960510826638464,0.3035523690913379,0.32416773407102967,0.12631045757175077,0.8180057950090156,0.7504161254312796,0.03333255766913781,0.0480511641045912,0.5024553300358862,0.3254434286788601,0.485638360415021,0.6461201041486675,0.48227515366960555,0.10578396377518808,0.8346143483620029,0.8064544111027884,0.28647368272845275,0.7058116069574907,0.2100367290361364,0.5013678772127332
0.2786204231595642,0.30075897147442776,0.2732594596279586,0.07610526724115733,0.6877728749957639,0.7580184357952431,0.0,0.06730424046171925,0.446955292647403,0.3436018544399417,0.4937742548910954,0.6581697067629294,0.4846334536839012,0.14377482982566075,0.8035744295438496,0.7724153538793198,0.25835056046594657,0.7216316145672956,0.19371414855448835,0.5307678996887656
0.29807209880174246,0.3333898159680802,0.303307645386856,0.06092300289872394,0.7616434043713449,0.6944677456408755,0.010896021903676818,0.0,0.4909797691866895,0.37781667096353283,0.4921947544667341,0.632774237952282,0.4814469043463836,0.09377929693917987,0.839382793838288,0.7979992879945476,0.327068701258155,0.7317889387220942,0.18229922092727538,0.49749266028004985
0.3190061908137861,0.3493092623835882,0.31437882134258194,0.09042514370163854,0.7195996928531339,0.8035532663003516,0.0,0.06648440852790406,0.5138990453070269,0.3563761667925651,0.5083812882671505,0.6428714575894985,0.454535744521732,0.10388339927642333,0.8245642322115874,0.8282963938092877,0.2553973949417077,0.6494399082195902,0.22469884983065994,0.49969772819828107
0.3738367359055336,0.3518705143236987,0.29680633166036335,0.16767597337654291,0.6992760136646293,0.6909968849079693,0.0020240037951232484,0.002915872229824234,0.49000857137073434,0.34958157925233846,0.44100819654547935,0.6194962912667561,0.45364400495782053,0.09272450651421935,0.7856063815687845,0.7410240090711588,0.2947234353919873,0.6833161181225244,0.23782855056442784,0.5315723078095727
0.3044716610289149,0.2931349592026509,0.2962698725042081,0.1580006331467858,0.6829963964438033,0.6591099693092332,0.03102034120452599,0.0,0.49172312835679477,0.3879224655250869,0.49334437878609055,0.6461042075743353,0.43571463628230894,0.030584215131793754,0.8358340352041123,0.7787482538932172,0.2764374420929989,0.6939382784577597,0.18401445377419448,0.4868355551249962
0.32671363854916696,0.3037233437876642,0.30164440887062227,0.12972018888217599,0.7716108345379626,0.7590389035682525,0.0053303586664344114,0.016541447497556906,0.46326793378858183,0.3227833004339784,0.49967472087807124,0.6438938169296288,0.4963506901969059,0.10061770531704038,0.8036592002391028,0.7852586306388455,0.2823123956927559,0.7092065563676296,0.1660098030265581,0.5162864570281556
0.31950731311781744,0.2594968542333715,0.3208438545665275,0.05869197760440276,0.7159309882465213,0.699129593279283,0.013983480879354027,0.0,0.5169962296124497,0.32781088889107557,0.45322552587728854,0.655983995321778,0.496553150194704,0.10905375791958619,0.7957547196955074,0.7694292411371744,0.32753045319477336,0.6669929099169094,0.22082633128835677,0.4960276855424307
0.3556517982034425,0.2858238980051143,0.31125341963187253,0.11214877394448253,0.7983913012012602,0.7560645735378694,0.0,0.01798088281293052,0.48054592399942586,0.38425422822552546,0.46228663631987166,0.6375280623933473,0.4968710058244424,0.08462519827357295,0.7809520335840405,0.8259931798453183,0.30402133980062784,0.6803581518639956,0.156544071738989,0.4799491607599014
0.39580797277620866,0.33894554899292373,0.27023537533350056,0.13206800035606941,0.7996891107265219,0.6198165699449735,0.023739804194493286,0.0,0.43530663868984903,0.35091921872097864,0.4629843450274369,0.6516669070195018,0.486135799249229,0.06536089153345817,0.8066407539149829,0.7611844656479811,0.280692076816366,0.7026071440531422,0.16083462687251088,0.5000232197344174
0.30407393681239037,0.35846748470644696,0.2725859969472987,0.12702144918314393,0.8186957192605725,0.8096227970741534,0.019114533603107022,0.005224947958731314,0.4888622788798882,0.3451483392742041,0.46542419607245233,0.6433323988878467,0.4373376156456378,0.07358180620655053,0.8398585046165193,0.7677839840223065,0.28820965735006976,0.7016977648305333,0.16811899173416303,0.5138341022721598
0.3053168167244533,0.27296953384360234,0.3028626964428565,0.04624825666077016,0.7073806616962948,0.7736146704020201,0.005420814999336757,0.03571164468723359,0.5294344914671106,0.3260159134980871,0.47036565898128946,0.6433700122340097,0.4594657901642947,0.12292562848406693,0.8355576002237215,0.7616032346819175,0.2846903755911583,0.7075523681284018,0.18753648550883753,0.5270741967995303
0.3513248263120722,0.2922260722254132,0.32415373172107104,0.08438728607920512,0.7737682805346006,0.6649761725418499,0.016219714046350517,0.008858774171376881,0.4883921166020016,0.3589539253279002,0.4848520562610988,0.6516072465192606,0.4834083083518622,0.15917574319140715,0.8141357518983583,0.8336822164575521,0.29912908655842235,0.7088735145377623,0.15991004332353667,0.5294938797069136
0.34045674468878934,0.3092078272912322,0.2600499031454953,0.11743688943405133,0.781622710832115,0.6660611438076857,0.02360589761006889,0.012831915734797656,0.5521395495537056,0.3608891973905492,0.4973134930233474,0.6508104588463403,0.4827103600558359,0.14147300022716297,0.8239857456290015,0.7703022355035114,0.30345783369575385,0.7067718886623172,0.14183600271855268,0.49410471851548937
0.375401219772081,0.3184048347645882,0.3050053964769674,0.14145163638068758,0.7262910912448017,0.8236132952048764,0.003702637021813119,0.01950517209434623,0.5128690384564555,0.32811011278330204,0.5016263391553707,0.6652234807810328,0.47554503573695955,0.059669619855083456,0.8508678716609024,0.8084018156353423,0.33791149546457117,0.7038731063326298,0.16593667416988633,0.4802550153593557
0.33751784555977893,0.2857118944023506,0.3044750428696516,0.032154887156002135,0.7114114021303563,0.703131004825102,0.0,0.0334132325863532,0.510162744868411,0.3471944882889914,0.46324353877664437,0.6475871393174033,0.48737834405816494,0.1256388193165211,0.7940013483531656,0.869028204049203,0.2616739846800459,0.7011147954665273,0.21927423339717858,0.49362522200845044
0.30922123727638823,0.3227218313339227,0.34276675556416897,0.11351504098080566,0.8304760332887986,0.6982907575633688,0.0561114886537363,0.0,0.49614805202247175,0.3432896833593387,0.4631059400259403,0.64300229301754,0.4802330341537049,0.0801051287257213,0.7553831998587918,0.7870072631859766,0.2993037537048409,0.7132952617944872,0.161853677836197,0.47636938493339687
0.3377196449207693,0.2957848195878725,0.30729956376574274,0.12572195079515808,0.7613747937866027,0.6266973952925359,0.007334545905794547,0.021690481036748695,0.4979514137670713,0.3551195429283754,0.5063164368003245,0.6463838510982555,0.4824154093110272,0.0825319881247367,0.852045194087143,0.8344824272013264,0.29368864614930956,0.6552135466687155,0.1897919096613749,0.4956522760116699
0.35326110741748723,0.3095664318736516,0.32265977969481857,0.15398447954064853,0.781798387535587,0.7224610897199223,0.018064797936262214,0.004637217215164735,0.49209729094641486,0.3276149951555871,0.4929348787083729,0.6357067176631802,0.46721869334335964,0.08614073206086148,0.7788088699187713,0.8568541633637252,0.3189309705543356,0.7308866697394246,0.25840095387096684,0.49316669432760485
0.34461446543592095,0.326388527440111,0.3178251428017493,0.14771430336949748,0.7088961994086036,0.7286140192582123,0.040216794700406275,0.01333275790623677,0.4909319182375242,0.37503894909026314,0.4816572968373799,0.6428017781286666,0.4996402197224318,0.12118200849566292,0.7723864750662438,0.8310876624016166,0.30709636236356785,0.6559103589823935,0.1985247760991873,0.5145498040831353
0.33521822093321896,0.3101926680943281,0.272388670403856,0.14330285275235222,0.6890357766738903,0.7757746548384743,0.09058110375140968,0.031199003395247525,0.5159260148620145,0.3683164756319521,0.4894667335110993,0.6906231742614647,0.4713845678263923,0.12877760129347116,0.7281520897866179,0.7893279473608904,0.3118072441622989,0.6784167636619101,0.2102759296918878,0.45588129640171243
0.3520002406876746,0.2969084232842029,0.3303641443326347,0.08800237973192263,0.7215275112753945,0.6700460785907763,0.0,0.0,0.471925063106283,0.34273648882534363,0.4794039243629712,0.6317464247860827,0.45338701833958744,0.09705906786160637,0.8228513221265719,0.8156843103599446,0.30690172372030167,0.6954647840669971,0.17161879945245342,0.4853278410782672
0.35507886771337016,0.30671170588222507,0.3193079301091258,0.0436799145150677,0.7437989306305002,0.6639856603879695,0.028996544274530196,0.0,0.4677231851382722,0.34567162576723254,0.4904916936609523,0.6444268733224139,0.4645800197436254,0.09756787776975927,0.7351418950179112,0.7385048562745862,0.2813601774943292,0.7134522578217968,0.2649042456110043,0.4854896339111617
0.36146476973112585,0.30734911122383995,0.3251653727934918,0.10427788971754395,0.6967889996591325,0.7625481317388239,0.005848954294117874,0.0,0.4663041484737387,0.34727155699444767,0.47327866606988517,0.6422502267346062,0.4730306761727604,0.1139279122970738,0.7699896476923306,0.758798273674002,0.32422530992986026,0.6400946621840077,0.18376116532584716,0.5237425450481605
0.3394612966276893,0.29889966910353616,0.39352475412872656,0.1600652730083424,0.7495077595674808,0.7903365035613532,0.009224193908465784,0.0,0.5613696364303147,0.3344338289398699,0.4853760986887846,0.645056567755112,0.49988005576737693,0.11703983618572726,0.8235294717806024,0.7658129927347233,0.31597009809231336,0.6994375135211632,0.1931568594664545,0.4777231124519797
0.3149864575904944,0.3022361181199869,0.2733177412100282,0.17573818110097725,0.665574740596575,0.6614423824441058,0.0055957595798642006,0.03660864688757633,0.5159102870501174,0.34113141163529925,0.44978907899261006,0.6433752138224321,0.47915464003130415,0.13528677120275587,0.8288768500963349,0.8796244848069713,0.31831059583449484,0.7158479007883146,0.23951176033902094,0.5045331471929799
0.3244014105929997,0.3579594151151415,0.3494939329952222,0.1484219640919114,0.6939976288765064,0.7940757043149871,0.0,0.00758825623053061,0.5091347660504043,0.3445945926465078,0.4662443141034914,0.65558480202442,0.476277035620687,0.06146884073472405,0.7739318340712706,0.7574966194297894,0.32528100341014327,0.7198903623205695,0.19454797265439144,0.49743743171160437
0.3561952689952507,0.32682758343823715,0.3092510496119929,0.13717363291206938,0.7835455624138438,0.741877092074341,0.01917417276430677,0.0,0.46827455989119704,0.3822573674141425,0.4664597764641931,0.6157964979721642,0.45502673150474743,0.10060082019412091,0.7946338669203038,0.7569009299495268,0.3083535020130392,0.6860534068300508,0.20143666348025646,0.5208608505367276
0.2954919298703829,0.3011355904591252,0.3207465780880602,0.1351855859354386,0.7801895260138947,0.7945902669537322,0.0,0.0002864251084990603,0.5187002690202449,0.36893236616660874,0.4725121993358617,0.6707434294506401,0.4957096517965915,0.06795926872326469,0.7650962189437539,0.7482431607900407,0.32961984808234984,0.6939832942608993,0.19154935037632612,0.511916637290211
0.331060199266187,0.33090863213532207,0.31408975509397513,0.09775525012956877,0.7304061617306566,0.7364889819241192,0.03893615133023741,0.0,0.4965028596064001,0.36869309414673246,0.461469734904405,0.6626516559928439,0.46696095691953227,0.09847173162809791,0.7780641284875527,0.8123924704772305,0.30755279143573283,0.6876770374221474,0.1917550286582832,0.5024248746364076
0.30819983563017916,0.2999854153073197,0.30651527333203915,0.11479758825785519,0.6991117845461523,0.6138861041256025,0.021100058720667492,0.0,0.5064250682339525,0.3573985122600878,0.46932912748353833,0.6251425682787374,0.47799944282117324,0.09321474136957718,0.8106486104061164,0.7957048557067553,0.2956188282395078,0.6921465069294783,0.21111506032484276,0.4889066625082386
0.32086234468804453,0.3451937391275992,0.3036033414352248,0.18676278103305324,0.6986298224236994,0.7324016308841981,0.028448699458028796,0.017776378205274265,0.4707013905240933,0.3276534598213753,0.4497117187520376,0.604618454540952,0.5096036615376373,0.09859751638291894,0.7799341328481417,0.8334703590810626,0.29986792179033267,0.6793634689854312,0.21658829567594318,0.46295314993780246
0.358353555878219,0.3210892657659428,0.3215901747114602,0.08229767976832494,0.7313365877029343,0.7930071909335635,0.010676227761075543,0.0,0.5048080657225273,0.3491701779084524,0.490974009527898,0.630458557077172,0.4901752666209861,0.07600771335668405,0.7902313983929733,0.8168503866430942,0.29952312463727765,0.6822149567505816,0.180702547063623,0.5049417131137481
0.3257329720405971,0.30678093567987313,0.28465652606656644,0.18459115162839407,0.7822259245822646,0.6953126990458143,0.012655921315765034,0.032252686104066036,0.4872849938538055,0.3694097691922676,0.4783497296217721,0.6451466707714576,0.4474349190456965,0.055381306203777146,0.7414117327352974,0.7347844061310373,0.28961217355818913,0.7086875384405673,0.1770175863155921,0.5106097959705974
0.32139309644468445,0.32343150777430835,0.3300115833504353,0.10711887382031766,0.7964122845672162,0.7206017515546274,0.025751278103346563,0.00857759418339328,0.47703166528909435,0.32483470741265424,0.44589584784447966,0.7016058379738155,0.4446097952729505,0.03716687419855293,0.8453182465922455,0.7577088891995852,0.3326377769674044,0.7026323074654548,0.18172591733427312,0.46850264775050693
0.27920431577060245,0.262873715437945,0.30667611190229493,0.17301728436380315,0.7251734132259016,0.731193324822451,0.0,0.01171189407889051,0.5220231900742175,0.36273106413746525,0.46330340178906654,0.6608651392994855,0.4787137909976151,0.09606459537205479,0.8204026637268427,0.8446131499310329,0.30592590731007335,0.7098317301518094,0.15796237957400697,0.475326116713429
0.3423876069808166,0.27619697593270587,0.29239861321919286,0.06372739962009846,0.6923253787007608,0.5950243060065759,0.012840191311733282,0.004432540647842119,0.45386876574409996,0.3964521845052553,0.4867320285512433,0.6138482070163709,0.4557451877025039,0.08706996682501184,0.8317162148734881,0.7818680702169278,0.3018947695166581,0.7042802877940167,0.1522870922444211,0.5050465994674335
0.3393645254342323,0.27418224980802836,0.30599974284008374,0.14343616804658596,0.7633921818933167,0.8235673787718738,0.002807729722430919,0.025456956770874464,0.5169432879294246,0.37123633291979463,0.46913956107228416,0.6362068899019812,0.4929709349526599,0.07972187005588519,0.8516170129846745,0.8375036727207206,0.30776548509852863,0.7140867720229519,0.20891501441674723,0.5067828337241574
0.3848976416991638,0.3142882928429112,0.34014298433725143,0.09052919456209511,0.7088232514687075,0.6949312160051413,0.002188623788179713,0.025663197755540212,0.5205345840065899,0.3782805827112397,0.466061170797238,0.6489357512745404,0.48084526129929955,0.1396764538849498,0.7669914849781714,0.7840127620833873,0.3595970903347429,0.7175642799630999,0.22815787409525337,0.4801870537981588
0.31076665295141,0.3619754499845528,0.30429329825967555,0.06338931232303249,0.7240873680569399,0.7652867716236399,0.0,0.01670108703824343,0.47361068973346276,0.35436677500884317,0.47850814645983847,0.6550736710859619,0.48330769538047724,0.07421685439614067,0.7856642206788791,0.7512937428684592,0.2773655162280068,0.6651656676026779,0.22613135879435653,0.48851870572863926
0.3265745098299182,0.376939004385779,0.3221690723641924,0.12874136169643782,0.8162638045218519,0.7356649431925896,0.046786531789599996,0.021295782118152962,0.475390146166026,0.36935863897529975,0.4868719507035643,0.6237050227937916,0.46586513636715293,0.14250502246416408,0.7242066252967116,0.7778695688933318,0.2830992297656745,0.6829138069917127,0.12854026180590028,0.46327022322859146
0.3274815105113227,0.3291415330432227,0.3003808744856905,0.16037887154383873,0.7913557714282884,0.802880952817968,0.0062692249369246215,0.005758206601591488,0.49330922956200796,0.33564293571291925,0.45127295085921676,0.6473001954404588,0.5148276731057341,0.14871531232807772,0.9256169164040895,0.7512780081780122,0.27238857965106006,0.6953724808501992,0.1926480473887022,0.5275452780762647
0.36732359839290424,0.3250253342483337,0.3301584369984724,0.08620234245626014,0.7578987156125726,0.760302806121404,0.043267521103271006,0.02084406013818097,0.5084610863138667,0.3659172762468245,0.49100256962435757,0.6356472172477892,0.5368518745602092,0.04147298599631858,0.794016587387305,0.7673778895039031,0.2953480152312903,0.6995464494902531,0.16693724133222324,0.474002511852631
0.31714113402839145,0.25596826797541783,0.32871015477580406,0.060039361581663946,0.6864040499443639,0.7282537864239512,0.041375846427885846,0.003242444490523865,0.49541435024557323,0.36308776268121523,0.4639941343678525,0.6279248287479537,0.4744283055248657,0.10277144376996909,0.8415491159965965,0.7980370282626099,0.3049103688665472,0.6865981885236393,0.2043121231346257,0.510845187824971
0.3283706457731102,0.2937197860079793,0.3519721766659282,0.1163262094266018,0.7605698283735329,0.695324245374036,0.0,0.01004463244324804,0.5130068738057564,0.35579822348075324,0.479641440635004,0.655191912933979,0.4870607849683,0.08800910527492029,0.7504735542265817,0.8104642036147609,0.29069354963317845,0.718240473419766,0.18746529443571858,0.4993007860769324
0.3382368952914962,0.28636648744275284,0.3114887210900157,0.11650258684891275,0.8031328645393763,0.7798925350691069,0.0,0.004507125012674052,0.552889389576122,0.37632014839436995,0.4792915971861698,0.6654775434688565,0.48194834686128624,0.012645881658482044,0.8398555370257205,0.7263923470698281,0.28920546403696457,0.7395989673658119,0.21775735718733766,0.5257918723924951
0.32559827369469074,0.29137457205246653,0.32837309609515813,0.14193278510217994,0.7312183167117232,0.6463279348022691,0.07121005918711368,0.0008556292136160815,0.4847684969255086,0.3392243032430522,0.4694586776352045,0.6668208255392324,0.4748062627311786,0.05666076240794758,0.8743036350659866,0.7893052796996362,0.3028480973325626,0.7037232391116346,0.19942540728795977,0.48415491814450484
0.30660699156348414,0.3049556854424563,0.3169613507907789,0.15798378285457954,0.8175557044993358,0.7722945210137946,0.055018518838542876,0.0,0.44854460087889736,0.3462588496705267,0.4595268050773857,0.6614877270226776,0.46335859064534407,0.12324808321325423,0.7975887700388807,0.7665353705776099,0.28995784350340603,0.7016868206439641,0.14311994315246335,0.5012250542068077
0.3258226997869492,0.29583728266908615,0.3409174356372603,0.11762339274910023,0.8146372644759103,0.6850477624222564,0.019369629733437917,0.019353802077177712,0.5247777074909196,0.3519092408271659,0.4742862690381547,0.6400526093371948,0.4583006402503904,0.16057597758133793,0.759564740136416,0.7640634076416475,0.30620351654365674,0.7169891251020866,0.17098742381601378,0.466031461815253
0.35220895249579315,0.25062100568872636,0.3006233522478254,0.1942201325917705,0.8331866416071737,0.802614183097832,0.025147462128346988,0.036212118256269264,0.5504994372778259,0.32940778057821196,0.5125066061815039,0.6642909952292702,0.4572880546894895,0.12708034428097745,0.7944481439621786,0.7953073847653231,0.32228468693485207,0.6626832048959312,0.20017355344479962,0.46122946326120495
0.2892045410176682,0.33243730768352603,0.3299001062575456,0.12896938978141168,0.7652621563265677,0.7480649771331348,0.007383071941056226,0.03342203943339119,0.5117830508915338,0.35453863887600495,0.4527664993907274,0.6561810887620858,0.4881048005109829,0.10970897417538933,0.710929539001711,0.7679819250924316,0.31354060939601613,0.7005693788087681,0.2027033128769326,0.5119266716773094
0.3239890902244063,0.2778177092278058,0.3111060540776664,0.10614293975972401,0.7793695849903006,0.7722061883925054,0.0286470542840068,0.0,0.46736753973938994,0.315621391740923,0.5138462603820975,0.6526788376590403,0.46960651043592727,0.09936002855106738,0.7984845319591264,0.845285519793867,0.31762026694330403,0.7195807165093503,0.15782969576887995,0.464299483218606
0.2989963755518248,0.3171774059233345,0.31371623645783003,0.05553730563588688,0.8207093644165545,0.744099440691236,0.00565636198555057,0.035784061028137464,0.496283229102944,0.3709390906885642,0.47480557657846933,0.637766137565964,0.4284341429971894,0.1504798874394434,0.8328386855725198,0.8375224750500424,0.3217183682301344,0.6871369200559777,0.15390620889361636,0.4954356493113094
0.3558513988677453,0.3722224800924992,0.3168350496889675,0.10949361918735329,0.7723696968534488,0.6523811452429502,0.0,0.003636829967641423,0.466444295473651,0.3509327473313193,0.48070742834177277,0.6400624774531695,0.48889716441196646,0.16444717605872922,0.7985696942250595,0.8372731317576816,0.30565656320237405,0.6754687884019607,0.20168736012719538,0.5202259089594584
0.2743043928564868,0.2824184622524073,0.32004480792853357,0.10654452218355455,0.7249382946104894,0.6969635418302331,0.0,0.022014660302911833,0.5192856648188884,0.3395821419219247,0.4582657837723054,0.6514777387224912,0.4792347743507169,0.08239471961427441,0.7886344178124414,0.7702035921803879,0.29682717947913795,0.6962838877980044,0.15788998081848418,0.5149336971218936
0.30323234458185233,0.23409137431761012,0.31267541913756086,0.15841219185125882,0.727572858173607,0.7736194668805692,0.020421854957011744,0.0,0.45946128791904695,0.33331252775409753,0.46457461166645037,0.6987974893397101,0.5069334600280229,0.04000040319069127,0.8211027246444814,0.7515000466032271,0.28455493858233605,0.6987862913359616,0.14994111720497644,0.48670829024102813
0.3313163562519356,0.30141987334359666,0.3192942636634105,0.13849934496267416,0.761927747688687,0.7483327908679922,0.0,0.012839598277480107,0.490996136395154,0.34530841940761625,0.4699418069992396,0.6560248496018278,0.48746244794182014,0.03705437610186396,0.8241609938779821,0.7932811971755247,0.29217643672728555,0.6818269543616908,0.18664578462105977,0.46822993727183654
0.3669657208770302,0.34302878904995715,0.34656236115124367,0.0728252351346953,0.685471928902689,0.7990494952652836,0.01865445070172931,0.016274463657938144,0.4698698652111828,0.36376519421544823,0.45908610058244176,0.6377762299549943,0.450426528073794,0.13965642976479406,0.7336037774997928,0.7839860653485493,0.2895262893464621,0.741923225521019,0.18534661725984047,0.5101898972331106
0.3180274921678104,0.3687504236266178,0.3347089937123044,0.1268901754564415,0.7428370542317904,0.7601637281518586,0.0,0.0,0.5038047405540489,0.3609547795747512,0.47582164085258255,0.6333522111006111,0.4354064671854004,0.0985882437767684,0.8035529184911516,0.7656470735030655,0.3146334465324182,0.690426072379841,0.17364798567982098,0.5268451356572036
0.30334401419920404,0.2731135121664275,0.3323830918499379,0.14686124686916213,0.8048273559115127,0.691664905464867,0.004352921549960129,0.022165343326883788,0.48900974968586725,0.33588924105443074,0.47185968216386454,0.640164667746876,0.4656105523132412,0.10549725731376156,0.8974394049691697,0.7429706221333215,0.3069356510918839,0.6769268129714686,0.1788878912982511,0.48675523842668755
0.3764347120832177,0.32490097669709567,0.3058892094795226,0.1811212543755133,0.640437307441736,0.7001967931139683,0.037063306128263834,0.03691870015676631,0.5053028630975079,0.33307920654744727,0.5170156228487146,0.6935458689509814,0.46749785158612694,0.046280470211298615,0.7465993501740791,0.7883392812292772,0.313935157254286,0.6981275736185877,0.20041507169667186,0.4839337428318577
0.2765595829875127,0.2960406862965984,0.2972151834354335,0.15550015869656236,0.8267241050897257,0.7451458695261619,0.024949610952802095,0.006507041086367442,0.500670516648991,0.3631379741263929,0.4566805162863908,0.6420148670810808,0.4988631840200033,0.07740433261634602,0.7965832466866773,0.7738372219899011,0.27679326287799694,0.7181572127540898,0.17839511288960544,0.48950196074262003
0.25403582130139757,0.3068215493708759,0.3341060111647551,0.1504338661724591,0.806118710935158,0.6242977966999947,0.019806711573733055,0.03720336261656026,0.4704002291682767,0.3355530519076994,0.48205381033497174,0.6681374106922057,0.4798225813542085,0.09113557558297654,0.8776698448820681,0.8175338814815208,0.3286349896848216,0.7003482849799646,0.2021209106499452,0.5114321742161423
0.3332004335016,0.38933030041051103,0.3325209358505959,0.12240343978460654,0.7270117692084762,0.8236720942811493,0.037579279461413026,0.00620613013095185,0.5188063119058707,0.35119819548159004,0.4849569256380365,0.6424814350905729,0.5026737699619701,0.10623515150092212,0.844167006261747,0.8166042420608592,0.2914603925698647,0.70971187840088,0.18858594391647998,0.5245703521282983
0.3049383732694217,0.2649108901481454,0.3444534135150196,0.13553248021693798,0.7771695413935905,0.7620873368188779,0.029612171866946948,0.026991690620932346,0.49853703044470654,0.3524750928504855,0.45859358902696323,0.6552236908255926,0.4535033388859473,0.08804223883258723,0.7794641327689575,0.8340319922169087,0.2779996671585067,0.6825697881133368,0.2050295046615997,0.47520786377238955
0.2893630154860786,0.3176121898448372,0.3029203874806154,0.16998019602824635,0.7501573863453164,0.8013517298524436,0.048931265825027354,0.0,0.470344129764023,0.35624124263453477,0.49373654990905674,0.6658349054801744,0.49930528768760896,0.06888021405095973,0.8082454151849042,0.7396281779247985,0.29121564470356376,0.7297537689280702,0.22634616696309937,0.47003436381350694
0.3412506934189806,0.324030795152963,0.31040902689279304,0.066688904100814,0.8114995184219341,0.6609698029595416,0.010802814753697196,0.05837555558626927,0.5672277966861737,0.3671654086036374,0.47203345974236743,0.6385619430038015,0.4944197830686184,0.07646299022192432,0.7999155328006071,0.8060423323077454,0.34967531985175015,0.7112342205583688,0.22517743536171786,0.5467999264386489
0.327314021413136,0.3425735897481804,0.2822103167494913,0.10602242691132176,0.7991341571384971,0.8022282580177628,0.011407300429449827,0.03990916490485914,0.5142929050015137,0.3247407412626535,0.4301522069683386,0.6371777669169446,0.43963531777137604,0.13624969857841698,0.7700771278271333,0.7609013717506532,0.29224566267016866,0.7209540313775521,0.2386463141319825,0.49645354424219923
0.30307764107789814,0.31293949460412684,0.3071505778787825,0.08909725004975036,0.6799964638408496,0.8515749455513875,0.0,0.004307489914926422,0.49540218339802083,0.31177681349479025,0.4931969922420913,0.6831773938891066,0.5064523568252154,0.107343538588105,0.7970299157002767,0.7411834315675566,0.29349807057058147,0.7073032126495034,0.2251444069069148,0.5050578559138061
0.28159086803987315,0.3192415161851231,0.33493141021158895,0.13516612474904496,0.7793631206732088,0.6739560822311341,0.011420385652551606,0.0,0.5424561358010547,0.33865105437543297,0.4576611823179527,0.669691857897916,0.481869169835327,0.11836470420866656,0.7888013546877388,0.7728559105220516,0.29615790638740647,0.7164976807545756,0.20715672594625414,0.48616138318764723
0.34617371984840434,0.29825054297734627,0.305670092415436,0.16920888702603148,0.7397186073178377,0.7785700897451884,0.03929539788604891,0.015760567366109784,0.5552544682815982,0.3860305681566437,0.459044501077218,0.6658134463738146,0.4878408900773701,0.07303378567368012,0.8045099575230701,0.8327481992053848,0.2970275923313709,0.6825389488064554,0.18699705087079568,0.5097992461890544
0.33950603533875984,0.3180738082373532,0.3278095959040165,0.09612102853115703,0.754141628525905,0.7400554972343647,0.045999747445242684,0.0,0.4956395173305834,0.39044348200174755,0.4937580416578479,0.6657455258624583,0.4627020777514315,0.01138529543798128,0.7700646727723587,0.7751072658571807,0.2843704786839749,0.6901717916662087,0.18836717231551328,0.5192012174940305
0.3170247240866185,0.2997042317350777,0.3111899378800438,0.02438782530122248,0.7135914049515092,0.6627783075875877,0.03920610336173336,0.018897070751149762,0.5104219245930428,0.3866235427113177,0.47305677035163096,0.6591915097662213,0.5055049402584394,0.08430687079346512,0.7489352719902136,0.8526181863983645,0.3028642616641226,0.7269296119111206,0.1736666808069257,0.5059959234314586
0.37539910988143,0.3286471566956815,0.3214811405644312,0.10351117019902119,0.8374068534560417,0.7646441985925935,0.0,0.018231314383285638,0.4703599154599118,0.3461403726447862,0.49835544301102996,0.6903555162635013,0.45628295341522257,0.07400288336723511,0.7983487690643052,0.8119551406208134,0.3215118981639666,0.7311948389456793,0.20013587873154676,0.5348171615402887
0.2878974570102154,0.298911689918691,0.29204617220368667,0.15653894928069625,0.8020030909951288,0.7816801602418674,0.041662904253214686,0.0,0.49558421747695963,0.3143576983603034,0.5042033219073063,0.6508781660375431,0.4966418403674789,0.11047036805884239,0.8686047287271512,0.774236380840777,0.30628578630957415,0.6770586880056184,0.22092162436135804,0.49346510820117817
0.27423424487225784,0.3213130118170656,0.31670418899267805,0.14150519611799517,0.7130114418013517,0.7099436723665576,0.0,0.032419340472287554,0.4940281233872039,0.30313921796696314,0.46710143079355404,0.6615452473440184,0.4964121495181734,0.19857171141045526,0.803288117050512,0.8364019371562563,0.2777766940220003,0.7049947213572761,0.1782299719135094,0.4947423505392925
0.2992427579035627,0.30912211558945063,0.2551772805819855,0.13712744991242304,0.6832694696544883,0.7982958260127612,0.03796234648244695,0.026111494056123473,0.5055448110086497,0.3377192367690118,0.4958652499191006,0.6209817414281198,0.4605166514365555,0.12085498052854768,0.7867362488427382,0.8078158708845715,0.29311308190132584,0.6913811239902954,0.1988834642400868,0.5046281270255483
0.3186324195093351,0.34378150752316505,0.3112620768367603,0.1088002679250208,0.7307163684511075,0.6566618296605401,0.012644309468578897,0.02951646674577127,0.5099828143591103,0.3460385273970128,0.46489078397214234,0.6335007862681752,0.5196674719884514,0.18207880478150468,0.83016343220154,0.7526976244621318,0.2889694519979674,0.6860593706127027,0.17967913313834694,0.5092992329101219
0.32730018347968076,0.3084581882923454,0.28239053512569723,0.06883877055120854,0.7717251323045653,0.6652621926775177,0.034050666278677116,0.010177154073377907,0.5167948534648418,0.37601250802111913,0.5246623183426435,0.6259836200032992,0.48463056960435036,0.11706309086018346,0.7936672154961849,0.8643521054232206,0.301058789364696,0.7056967939071089,0.20628062990562845,0.5045589452412522
0.31276291826431013,0.25680902595379357,0.3391198903309363,0.1406117728649787,0.7620102921973112,0.7468298697794377,0.0,0.0,0.5071292796889988,0.3673561091908489,0.4661408599093757,0.675481271670323,0.49307785220542044,0.08110341287281855,0.8747213169983644,0.8003791529234591,0.3266090334312463,0.7228192586473081,0.1835184984815015,0.4743116994608982
0.3305616618954289,0.34785764502141975,0.33054814705529023,0.08662872759861501,0.8126566412384122,0.7412692638986136,0.043423352654122935,0.02955744544422275,0.46367772120112505,0.3545481015798324,0.5005217488192001,0.598949196959585,0.44945758409328485,0.1104374823436265,0.7998434996281969,0.7907518476794198,0.29702234407958233,0.7090332494656838,0.17781468286117844,0.5062503033239112
0.2824538172742867,0.28282803097412146,0.3243334196393216,0.20736386933521825,0.7894959861090426,0.7041713255787947,0.0,0.004592572017284176,0.47184598682776746,0.33220310458117713,0.49687580051763147,0.6419537995449456,0.5223546000601713,0.15341915798433126,0.8280198825263266,0.7557786932037754,0.29823690262259217,0.6936097510016193,0.17960099915203925,0.4925165283039313
0.3633129381221978,0.2903870098405354,0.3454201245431876,0.14282028833418065,0.7984784512876454,0.7804797217985943,0.006630901782936446,0.0,0.4836077714160898,0.3307844088351022,0.4863217564421787,0.5901258679467876,0.45550886119549816,0.15488687788963718,0.7698158247042691,0.8371815307043096,0.3355528963763886,0.7102972235987032,0.215099863215367,0.4883804597185071
0.31753546464822296,0.2921301611786952,0.29602166958350323,0.09677406789784196,0.7663427700305219,0.7665447157107974,3.810744461929527e-05,0.03704078731948652,0.4915327822423031,0.35508255374142866,0.4665891367716663,0.6333742420903622,0.5004977286553186,0.08273987895870763,0.8201235701334666,0.8106910170944523,0.3175241198334332,0.692800476528382,0.19709751784008936,0.5006496410950648
0.35351887494764384,0.3512331427951245,0.34994726395831116,0.09554459010445487,0.6805350634894505,0.7829069535467008,0.0,0.05198815041005019,0.5315232287141634,0.36394101957679453,0.4769720501611718,0.6401810210053627,0.4601045656413661,0.10759551087097897,0.8110037390777503,0.8151695272118097,0.31148162564213067,0.708242286014612,0.18714734809999894,0.4807695462534157
0.3302817603913311,0.24592977358063914,0.3336438312852077,0.11628223173545646,0.7402150734426549,0.7338431782323867,0.021890551351769368,0.00917503742041594,0.4651118303944126,0.3578376252449117,0.43692823774110895,0.6776974218758809,0.4676202239430463,0.057121993609865654,0.7977397550136317,0.7696987462589693,0.3391626323060355,0.7279293140091146,0.20784213507641633,0.4772921735225354
0.33370259657461354,0.4041324560097998,0.3102688942556211,0.11041992311913,0.8030044869954333,0.770129013398917,0.05612178235673923,0.05318242309206584,0.489277548554879,0.3293080408078669,0.484488400767645,0.6579325587844291,0.49577508087770894,0.1247400587407429,0.7799296895532112,0.8233640228764028,0.30979622509588023,0.6584568068139834,0.1875645134759705,0.447690620799923
0.33709301840696615,0.3416817042719815,0.3377124029436589,0.16467335102119818,0.7474238535737677,0.7177174848485003,0.07333810444640018,0.011826294572226993,0.5285902849464215,0.3630133525758417,0.4869923066205677,0.6333371695334207,0.5005510542735031,0.14660064097167683,0.774478793373905,0.8264725437428321,0.2602694571604495,0.7159450459708007,0.2337955368105711,0.5349447465701979
0.33343125680051944,0.31669716742387477,0.2928741297517673,0.12745664678976185,0.7751545184311873,0.8426909345043297,0.021943115741724955,0.0023908819166729763,0.4910036757651016,0.3585182193420282,0.48266998838122743,0.6713192743946366,0.45457431501771794,0.10119398362348049,0.8112941065591861,0.7632488704487551,0.3166533151576072,0.6692189015685905,0.17078401538920232,0.5111146263820601
0.33928168279602633,0.3083531799815114,0.29850971676944654,0.09073473044365887,0.7340625842376933,0.6993727114939007,0.04233362550135045,0.0,0.5138124694952847,0.3285866718761964,0.4205338765741488,0.6503566450905952,0.5018094433811399,0.07997847836919617,0.825157564387859,0.7333203944127604,0.26815983085762696,0.7245665542108892,0.19439085461548156,0.49766471757387387
0.3598745759039729,0.3185666222457297,0.302828205535206,0.1956176274062313,0.6985094075729077,0.8452648714729156,0.024641892758570746,0.04274164815985485,0.4958137387121629,0.33431358059399485,0.4546872710982038,0.650751337174145,0.5008996099026639,0.11080392853832688,0.7949134881482348,0.813254922373557,0.30904010737164894,0.6872594878025428,0.15785704334998998,0.486655535262267
0.32589563509104413,0.3256336728513801,0.3044204458387197,0.1219723332608089,0.7438327967976944,0.7417443973544704,0.029977663895364257,0.0,0.5077034977197417,0.36376991949123133,0.46503818034302674,0.6259465698445602,0.4612409318231021,0.11252377094089498,0.8114907171648318,0.7270661220157705,0.2657251285174152,0.6756465724478703,0.18959376824329718,0.44247935435907165
0.3412701127276554,0.32935646757850173,0.29386884714479494,0.15075358703875585,0.7654523721516326,0.6712244555215628,0.013157026977455223,0.02470538619949975,0.4931458236857138,0.34530984929708214,0.4858331786637809,0.6301997257219373,0.5119729518718222,0.10243431495548862,0.7984834128746893,0.7960806311135112,0.2906628917920016,0.7139053845417749,0.14961093506880113,0.4854294224755703
0.31730792917138323,0.32666813398010347,0.3394616613419065,0.09567093970220962,0.7172156140269278,0.80840396752443,0.023901538508452044,0.0,0.5200119641818506,0.3817829460327291,0.4857867781128597,0.6334980540010895,0.45086284743503924,0.10536145373007859,0.8039410409962156,0.7721101958085077,0.2927243094078026,0.7072834012628482,0.2223894956767738,0.5143173267432816
0.3632035164634842,0.31268742043765746,0.30982291199260337,0.13452462510978094,0.7382144377571666,0.746295069419748,0.03074957409212857,0.0007938647485127379,0.45364830777780696,0.3600225855212915,0.4765955241605764,0.6509292254630838,0.46750454834444766,0.09478555448591888,0.791982200692911,0.8387466084315569,0.2845976178553649,0.6800162619407668,0.2229951130101674,0.5188434860718774
0.2997082309382219,0.3040798473907802,0.3220500993671376,0.1324443996457278,0.7030268379007009,0.7825562049190119,0.008430805422473374,0.03060499387939134,0.48910063974834367,0.3402673762362146,0.4927049107320791,0.6515577145396135,0.4895800524818398,0.12987864784679218,0.8007189031747324,0.7742862443693117,0.293022960056176,0.6749400048566321,0.2235251052117343,0.512845839872066
0.37402821298732447,0.30546180149039465,0.3035929726717264,0.044414028316153875,0.8059622458782048,0.8011927959271297,0.018450114002140243,0.002399263074212927,0.5088971803008292,0.3497958879921813,0.459475152493942,0.6808818532704809,0.46292867430594786,0.12208682335495381,0.9079216182726971,0.8342909188801522,0.32065123440721105,0.6962503702501743,0.20086617440523405,0.5031678391150494
0.3187952614806697,0.30415275158941957,0.27858793398902965,0.2006110044184256,0.7352772121205983,0.7568977777072513,0.018831397620050237,0.0019040924115941368,0.5160108574401858,0.3512676678527543,0.4922047001138799,0.6577011033587568,0.4852763817135868,0.07050690558567553,0.8124653719522971,0.769431622225479,0.2857209417568089,0.675918260996576,0.17360388785869724,0.5260774829186275
0.27707674693645856,0.34401310290601195,0.32040114716782847,0.17162577843690188,0.8226377772563092,0.7103879577593593,0.03652806634661049,0.032656093943496146,0.5447885786826149,0.33543219373516575,0.4894948420967978,0.5958486861265578,0.4848215215760659,0.06968228190524217,0.8258118783372418,0.8299996402023845,0.3109028175902108,0.6787705405415274,0.17598978103892152,0.4934292555582292
0.3238431324473237,0.32780670166842585,0.27675490049160445,0.10411218735416049,0.8264373925270454,0.7887856688834625,0.0,0.041947945864432463,0.4882692599940327,0.33174823603644743,0.48755109465675817,0.6552528397574339,0.47625851460154556,0.09236876748920314,0.8175209442131239,0.8724136617534733,0.280687007207854,0.7023124158084286,0.24590516165661563,0.5217037783226872
0.2995684502757536,0.2217883409600716,0.3136273190782906,0.07590921038176578,0.7459477017639128,0.7400377753727297,0.01896915582784697,0.022893796065684667,0.5443844528558262,0.36402779787618994,0.47635919137828686,0.6209996728766494,0.4966480107718112,0.12210511372315538,0.7894873270681176,0.7472781144653504,0.2962100084721574,0.6806825673148981,0.2430703131139939,0.49230835112559573
0.3452193064696617,0.3296770232958928,0.2876336992233438,0.13390246455214208,0.6995775633726325,0.774292890930421,0.05824010938105395,0.0,0.4802292852002099,0.3669054659408419,0.5166148764966252,0.6306805815077693,0.4754327841468472,0.10444172241672445,0.8517595685316668,0.8016814288692363,0.306476785326549,0.7085307858005309,0.20367665470852317,0.48237717382244477
0.30042128062092827,0.31584208584156326,0.3547455199846162,0.12346790797657586,0.6457051061133331,0.6323134713104269,0.04328120305171875,0.0,0.5398593923463393,0.36207562939105914,0.48986391376979754,0.6337566105654734,0.4846308213762761,0.08070548769632035,0.7883534491829464,0.8999512966364026,0.28006943166762877,0.7298028719176695,0.1845309789775902,0.4798857403915496
0.30661449700355664,0.3094387373066231,0.33322725444349444,0.13422675794252917,0.6763981463486605,0.7623490858504925,0.04698358097777411,0.01159830527480075,0.5245240138009511,0.38030636188647604,0.4606332827349288,0.636733233529754,0.502929437549758,0.10784555790177491,0.8422021819577021,0.7926635530761169,0.2737655913417862,0.6970288917019883,0.24105870268095533,0.47871007157654094
0.2633137780716341,0.29834444640733343,0.31711507582542964,0.12766309584776359,0.681308258755067,0.7080707087427485,0.020488636803560684,0.01641860123851315,0.47259624261103333,0.3391645352797679,0.4849661095147197,0.622497012159194,0.4958137242005168,0.09007568441433185,0.7866317200773421,0.792471530809186,0.3098375630115778,0.7026030212397116,0.1791649051584557,0.5131813605760497
0.30643081042252773,0.3437233815995804,0.3402741335530934,0.14024963957223704,0.8189234813730752,0.8226654818589265,0.026419951273720464,0.0,0.5092111771175547,0.3834854153214226,0.49504966754148433,0.6540696400690458,0.49572034581628416,0.12641459380672396,0.7616010992342384,0.8215399578940408,0.3224616079868128,0.7403619346567097,0.20686547624287724,0.48514508857805844
0.24728362020113132,0.3384257938636857,0.2980736804506853,0.17789222797567225,0.7557912293613473,0.7711543673944548,0.04004472333405851,0.02446075879159728,0.49846292493403427,0.33198157762891695,0.4682378280215138,0.6217839542981808,0.4570164079556644,0.10999175305201142,0.8146158483294478,0.7916432345637902,0.2984186996102525,0.676247977652453,0.24055871916195376,0.4793394230993011
0.2724829152954283,0.28681366996529173,0.32586958757340184,0.14272412820514585,0.7694802262045994,0.7519928872924648,0.05120511059061862,0.01171026659279198,0.51876753781025,0.3297462887326301,0.501785444938622,0.6571333521449969,0.4904958515100264,0.09054165437643569,0.7558132657559158,0.721710960217178,0.2908537418688659,0.7238247039036148,0.17490984501006118,0.5142747043932272
0.34281243968432895,0.32221156861373607,0.3189962086743743,0.07801378004360235,0.6389789495532436,0.7643154996675111,0.0,0.0,0.4933018523470007,0.31480082235701495,0.4876406741143202,0.6947394215412326,0.4624300241806099,0.10694556316139385,0.8214256090006644,0.8352914949935576,0.3031135077537677,0.7214171519582496,0.22487670756911338,0.5065594078094446
0.343574004759525,0.28085029796376143,0.3202804016266734,0.17450251410849807,0.690101678539137,0.6900779573561641,0.0,0.0,0.49078261323014805,0.34108409372346365,0.43315043324669306,0.6234128188213187,0.45437170040443947,0.13945144178572605,0.7522336537563474,0.7098820634453923,0.3011095983753076,0.7170863467834756,0.2156168238753161,0.519251839656916
0.33276372685354894,0.2686114550563321,0.34044707000213537,0.18562458253953149,0.7943539888223143,0.8211628345264027,0.04618888202805296,0.0,0.5410728374828855,0.3399255532634109,0.4859934395467585,0.6443097939132156,0.4785658730743006,0.08291109770360869,0.7872396787810859,0.7733283339544663,0.304858050814225,0.7258349570146526,0.19881450373305318,0.510251990225456
0.2909907157061236,0.291198483262301,0.32964984205559605,0.2460822693804834,0.7643387056191293,0.8395685209208452,0.014462212884623928,0.008542846223178899,0.4970383731663298,0.360518745605093,0.4718794169117457,0.5995308527497506,0.46191409626696817,0.11207970944941484,0.7427308121390104,0.838297029966266,0.2494350979937257,0.7056114993191723,0.17019699202600655,0.48493776839605374
0.31856865931574063,0.33587180417148277,0.3207744732565005,0.07506023867041609,0.7426397360657201,0.7596456755274108,0.006565584214838454,0.047785575910079925,0.524792669725753,0.354877818832409,0.4907435962908347,0.6439812941405973,0.49581235437679955,0.09788618978602014,0.9129666803761092,0.7757383028542886,0.27861791417668075,0.6883414100880146,0.17826680719690174,0.5015220483293718
0.31989192382728293,0.3385937513612826,0.28190225127543406,0.129715280526011,0.7782421179300061,0.819520178428682,0.0,0.014763426122792566,0.493239455448674,0.3261405325796172,0.49888429680503626,0.6628543430526297,0.49629070919390644,0.11280951051586299,0.7338416176153475,0.7622521403014239,0.2830953978912629,0.7218914658244113,0.20868353218551977,0.5025026598153935
0.28524905932422373,0.32539256260291877,0.29579907409441075,0.03671605187244051,0.8317898903067907,0.7115425900663733,0.008899665969117811,0.0,0.5499998977768257,0.34214547523148364,0.4839032409428363,0.6644127846271454,0.4419474752713711,0.0803630517521281,0.8003925496158563,0.8251705562066625,0.3030173525702312,0.7226568442342578,0.1572998961535584,0.48161682683051993
0.3651019490530145,0.3317528736054399,0.3125458213280855,0.14212596625516835,0.7389478768231474,0.700144321688751,0.0,0.014412616086143266,0.4796499611199352,0.3425707595782463,0.5133050446788939,0.651547274605682,0.4634339492084622,0.10331006299478128,0.8457321709732006,0.7559554085266246,0.3037175576724453,0.7221062780298657,0.2039223157705475,0.47790750051812014
0.34632086871727014,0.32548534861344874,0.316867447485533,0.09807198807332909,0.7534684901329035,0.7420462374364462,0.06182188545464955,0.002958245050922381,0.48157569406258444,0.3144803550607621,0.4764258623087301,0.6677852684951795,0.45080426656164,0.13323469847250402,0.8414554363434811,0.7411109712163219,0.3127236097736807,0.7008900416463847,0.2162315295218499,0.4863855678176459
0.3133710747851101,0.29075555214331145,0.29239592550652155,0.19693783179299812,0.7596298459365652,0.7617470519183949,0.01955127896038853,0.016495164790670834,0.5457355154334771,0.33038106545973256,0.4924963564610775,0.7009210907188559,0.47074741446814217,0.07188979056261678,0.8340536848869256,0.8009805594997313,0.3051516349842087,0.6856761097277334,0.22955660518427304,0.5407316471334416
0.3208065751698359,0.3229576763402182,0.3632335335115684,0.08901540119925672,0.8696054817636997,0.7203006659378439,0.01884098916474565,0.021611353740712297,0.4866516082731424,0.3345837273877182,0.4960988514727469,0.684246093748752,0.48910351339737645,0.06011784690024755,0.7873108644711411,0.7826830680634964,0.2739852985922533,0.7038272450822322,0.15804928776619334,0.49174511811556904
0.3262514842384266,0.33401228575683045,0.34532788110507145,0.05243267848130953,0.6450321867790487,0.7668884095184242,0.031761533503356636,0.03418461294447876,0.5480322291849318,0.3786725003964189,0.47805308062214535,0.6395495814118073,0.4751542380364322,0.06125633306539108,0.8540435578534801,0.7402530754324463,0.3289400923517012,0.7188446003513567,0.2394874189148382,0.5246573358277343
0.2587479539472713,0.3326287398944072,0.32704236640784967,0.10114945037189921,0.7841611507394404,0.7553194741036707,0.03924690338533139,0.009514270086599483,0.5267552173878444,0.35382901431914704,0.4955754861595556,0.6209779202706652,0.4682048151866573,0.06488012409399434,0.8365356436320873,0.8154781015997948,0.32543836606844734,0.7204870357971993,0.2508609048253981,0.49062678981040403
0.3125846785243821,0.3456674011442393,0.3164407372256749,0.0409804891513145,0.7442598875620469,0.6900846612354472,0.038917763131092784,0.04277921055199666,0.495360508803175,0.36324337507895,0.46810654025675663,0.641876971668524,0.5060035305362628,0.11785969863677993,0.8084919847064191,0.8085795042230894,0.27483605419946144,0.691406477458508,0.21230454703140783,0.5177767763907999
0.29954047256006605,0.3312491154160319,0.310755820601977,0.15004397818029241,0.7783385863092089,0.7659396508725861,0.041472438878151434,0.028160453250723826,0.44560119583948526,0.32002729005701575,0.4715486316195756,0.631060344687653,0.4339028565480742,0.057824209424036044,0.8096232303090637,0.7756097993357748,0.30665410588748365,0.7063074579225478,0.16885854255726018,0.5180498331111569
0.28995139970315253,0.3205434462262475,0.2959616307995553,0.037396678149747176,0.7171313723002638,0.783176412126076,0.0073830889841828735,0.0,0.49942045087184495,0.3738842896602798,0.4537502261932737,0.6590269509572927,0.5047374378703645,0.09106313965769408,0.7878430940953851,0.7783467197550021,0.2880915122951397,0.6738244339102808,0.1901567213491928,0.5190518101590409
0.31156699121342135,0.3421045071494928,0.31654961037037727,0.12113830324732636,0.7475517484570775,0.7485734658795196,0.014042663900862775,0.054197113314969285,0.5030489016060027,0.37602204126048183,0.48482818232740094,0.6263761292114101,0.4691142341368903,0.11854867909932124,0.7636139189666785,0.8088157096803663,0.302777279784011,0.7196990020601169,0.1985720826464448,0.5077565468401791
0.3739305958054857,0.3092043622225282,0.320155050802855,0.03688752720575213,0.7855705289732747,0.7976324051630846,0.03538063310884551,0.016539890265401952,0.5350165319991311,0.31003310065710743,0.48650503351708685,0.6485435513481932,0.4784378197977442,0.11249977181645782,0.8494860390191487,0.8376144567900827,0.3210662055928374,0.6843338248654987,0.2081139052619167,0.5275473315756231
0.3392252858380103,0.2835437604631685,0.29016478849036753,0.10718808781853431,0.9056455100521921,0.6791298103251524,0.009452218767207601,0.0,0.5476534152872033,0.33589366552168304,0.5035852631715846,0.6667602810907263,0.46945273324559783,0.08843323060112546,0.8524883197440614,0.778688271595627,0.34260208532641917,0.7157051071914309,0.2006594465793081,0.5075670793870546
0.3028646303065161,0.30510799108168707,0.32168352834489794,0.18573512623218136,0.7904018094701035,0.7633975211065925,0.0198978673594555,0.04305826102460844,0.47945038462568756,0.3599153114603102,0.49582280008711765,0.6479860825436565,0.5108577621107824,0.10572771195265318,0.7646356343588032,0.8161875397203258,0.3150255541028522,0.6770139084521967,0.20843495428683853,0.5342705945868056
0.33717748344068477,0.2876529206558065,0.311894819023505,0.13442591565743178,0.7075967200984745,0.6814859646801612,0.027975275288496283,0.051555551703968895,0.5240354529196455,0.36288776907076364,0.47430408886705133,0.6310737235450441,0.4553804300638948,0.10321435989212706,0.7938485933941524,0.812608008683384,0.3058986947022027,0.7206283181286801,0.19727759727982633,0.46760160393623135
